,geoname,sumlevel,year,A1,A2,A3,A4,A5,A6,A7,A8,A9,A10,A11,A12,A13,A14,A15,A16,A17,A18,B1,B2,B3,B4,B5,B6,B7,B8,B9,C1,C2,C3,C4,C5,C6,D1,D2,D3,D4,D5,D6,D7,D8,D9,D10,D11,D12,E1,E2,E3,E5,E6,E7,E9,E10,E11,E13,E14,E15,E17,E18,E19,E21,E22,E23,F1,F2,F3,F5,F6,F7,F9,F10,F11,F13,F14,F15,F17,F18,F19,F21,F22,F23,G1,G2,G3,G5,G6,G7,G9,G10,G11,G13,G14,G15,G17,G18,G19,H1,H2,H4,H5,H7,H8,H10,H11,H13,H14,H16,I1,I2,I4,I5,I7,I8,I10,I11,I13,I14,I16,J1,J2,J4,J5,J7,J8,J10,J11,J13,J14,J16
0,"Alcona County, Michigan",County,2014-2018,455.0,165.0,620.0,515.0,130.0,645.0,860.0,165.0,1025.0,545.0,60.0,605.0,2025.0,90.0,2115.0,4400.0,610.0,5010.0,960.0,240.0,1200.0,3440.0,370.0,3810.0,,,,405.0,140.0,545.0,3995.0,470.0,4465.0,3405.0,360.0,3765.0,560.0,104.0,664.0,368.0,115.0,483.0,60.0,25.0,85.0,410.0,205.0,,335.0,310.0,,280.0,745.0,,84.0,520.0,,90.0,2025.0,,1200.0,3810.0,,95.0,70.0,,90.0,40.0,,50.0,115.0,,4.0,55.0,,0.0,90.0,,240.0,370.0,,315.0,135.0,,245.0,270.0,,230.0,630.0,,80.0,465.0,,90.0,1935.0,,410.0,300.0,325.0,135.0,255.0,40.0,79.0,4.0,74.0,4.0,1143.0,95.0,80.0,85.0,25.0,35.0,10.0,4.0,0.0,0.0,0.0,219.0,315.0,220.0,245.0,110.0,220.0,30.0,74.0,4.0,74.0,4.0,928.0
1,"Alger County, Michigan",County,2014-2018,155.0,120.0,275.0,300.0,130.0,430.0,425.0,135.0,560.0,310.0,35.0,345.0,1435.0,45.0,1480.0,2630.0,465.0,3095.0,575.0,255.0,830.0,2050.0,215.0,2265.0,,,,200.0,135.0,335.0,2430.0,330.0,2760.0,2070.0,215.0,2285.0,385.0,115.0,500.0,159.0,125.0,284.0,20.0,4.0,24.0,230.0,45.0,,235.0,200.0,,210.0,350.0,,85.0,260.0,,74.0,1410.0,,830.0,2265.0,,105.0,15.0,,80.0,50.0,,65.0,70.0,,0.0,35.0,,4.0,45.0,,255.0,215.0,,125.0,30.0,,155.0,150.0,,145.0,280.0,,85.0,225.0,,70.0,1365.0,,225.0,170.0,225.0,90.0,205.0,15.0,70.0,0.0,54.0,4.0,779.0,100.0,80.0,75.0,45.0,65.0,0.0,0.0,0.0,0.0,0.0,240.0,125.0,90.0,155.0,50.0,140.0,15.0,70.0,0.0,54.0,4.0,544.0
2,"Allegan County, Michigan",County,2014-2018,2285.0,1320.0,3605.0,2850.0,1345.0,4195.0,5210.0,1650.0,6860.0,3905.0,1180.0,5085.0,21140.0,2110.0,23250.0,35395.0,7605.0,43000.0,6730.0,2785.0,9515.0,28665.0,4820.0,33485.0,,,,3220.0,1405.0,4625.0,32170.0,6205.0,38375.0,29020.0,4970.0,33990.0,3575.0,1440.0,5015.0,2485.0,1105.0,3590.0,315.0,90.0,405.0,2645.0,960.0,,2465.0,1735.0,,2305.0,4555.0,,815.0,4270.0,,1280.0,21970.0,,9515.0,33485.0,,1005.0,315.0,,920.0,430.0,,640.0,1010.0,,140.0,1040.0,,80.0,2030.0,,2785.0,4820.0,,1640.0,645.0,,1545.0,1305.0,,1665.0,3545.0,,675.0,3230.0,,1200.0,19940.0,,2625.0,1990.0,2385.0,1040.0,1990.0,415.0,660.0,85.0,945.0,60.0,8605.0,1000.0,830.0,900.0,230.0,565.0,35.0,80.0,10.0,0.0,0.0,2545.0,1625.0,1160.0,1485.0,810.0,1425.0,380.0,580.0,75.0,945.0,60.0,6060.0
3,"Alpena County, Michigan",County,2014-2018,650.0,815.0,1465.0,980.0,690.0,1670.0,1815.0,685.0,2500.0,1175.0,210.0,1385.0,5235.0,460.0,5695.0,9860.0,2860.0,12715.0,1695.0,1135.0,2830.0,8165.0,1720.0,9885.0,,,,720.0,605.0,1325.0,9140.0,2250.0,11390.0,8095.0,1695.0,9790.0,985.0,554.0,1539.0,670.0,525.0,1195.0,115.0,90.0,205.0,1020.0,450.0,,935.0,735.0,,555.0,1945.0,,139.0,1245.0,,180.0,5510.0,,2830.0,9885.0,,565.0,255.0,,400.0,290.0,,140.0,545.0,,4.0,205.0,,30.0,430.0,,1135.0,1720.0,,455.0,195.0,,535.0,445.0,,415.0,1400.0,,135.0,1040.0,,150.0,5080.0,,1005.0,760.0,925.0,320.0,515.0,100.0,140.0,15.0,145.0,0.0,2730.0,545.0,410.0,395.0,100.0,125.0,15.0,4.0,0.0,10.0,0.0,1079.0,460.0,350.0,530.0,220.0,395.0,85.0,135.0,15.0,135.0,0.0,1655.0
4,"Antrim County, Michigan",County,2014-2018,495.0,290.0,785.0,725.0,315.0,1040.0,1415.0,250.0,1665.0,845.0,140.0,985.0,4955.0,375.0,5330.0,8440.0,1365.0,9805.0,1920.0,535.0,2455.0,6520.0,830.0,7350.0,,,,900.0,305.0,1205.0,7540.0,1060.0,8600.0,6520.0,795.0,7315.0,1035.0,244.0,1279.0,785.0,250.0,1035.0,100.0,80.0,180.0,540.0,245.0,,665.0,375.0,,650.0,1015.0,,205.0,780.0,,400.0,4930.0,,2455.0,7350.0,,165.0,125.0,,250.0,65.0,,100.0,150.0,,10.0,130.0,,15.0,360.0,,535.0,830.0,,375.0,120.0,,415.0,310.0,,550.0,865.0,,195.0,650.0,,385.0,4570.0,,535.0,450.0,630.0,300.0,600.0,215.0,190.0,25.0,360.0,45.0,2315.0,165.0,145.0,235.0,95.0,80.0,10.0,4.0,0.0,10.0,0.0,494.0,370.0,305.0,395.0,205.0,520.0,205.0,185.0,25.0,350.0,45.0,1820.0
5,"Arenac County, Michigan",County,2014-2018,415.0,345.0,760.0,665.0,265.0,930.0,1045.0,250.0,1295.0,690.0,125.0,815.0,2700.0,185.0,2885.0,5515.0,1170.0,6685.0,1180.0,505.0,1685.0,4335.0,665.0,5000.0,,,,515.0,220.0,735.0,5000.0,950.0,5950.0,4335.0,670.0,5005.0,675.0,289.0,964.0,434.0,184.0,618.0,70.0,30.0,100.0,505.0,255.0,,525.0,400.0,,400.0,895.0,,105.0,710.0,,150.0,2735.0,,1685.0,5000.0,,210.0,135.0,,185.0,80.0,,85.0,165.0,,10.0,115.0,,15.0,170.0,,505.0,665.0,,295.0,120.0,,340.0,320.0,,315.0,730.0,,95.0,595.0,,135.0,2565.0,,500.0,370.0,515.0,180.0,380.0,50.0,79.0,4.0,105.0,15.0,1579.0,210.0,135.0,180.0,45.0,79.0,4.0,4.0,0.0,0.0,0.0,473.0,290.0,235.0,335.0,135.0,300.0,45.0,79.0,4.0,105.0,15.0,1109.0
6,"Baraga County, Michigan",County,2014-2018,210.0,210.0,420.0,260.0,100.0,360.0,465.0,105.0,570.0,275.0,45.0,320.0,1250.0,120.0,1370.0,2460.0,580.0,3035.0,545.0,240.0,785.0,1910.0,340.0,2250.0,,,,290.0,165.0,455.0,2165.0,415.0,2580.0,1950.0,330.0,2280.0,260.0,78.0,338.0,214.0,154.0,368.0,35.0,20.0,55.0,315.0,100.0,,160.0,200.0,,150.0,415.0,,64.0,255.0,,90.0,1280.0,,785.0,2250.0,,160.0,50.0,,40.0,60.0,,25.0,80.0,,4.0,40.0,,10.0,110.0,,240.0,340.0,,155.0,50.0,,120.0,140.0,,125.0,335.0,,60.0,215.0,,80.0,1170.0,,310.0,270.0,160.0,45.0,145.0,30.0,45.0,15.0,39.0,4.0,699.0,160.0,140.0,40.0,10.0,20.0,0.0,4.0,0.0,8.0,4.0,232.0,150.0,130.0,120.0,35.0,125.0,30.0,45.0,15.0,34.0,4.0,474.0
7,"Barry County, Michigan",County,2014-2018,1160.0,645.0,1805.0,1490.0,920.0,2410.0,3230.0,1030.0,4260.0,2235.0,615.0,2850.0,11505.0,1005.0,12510.0,19625.0,4215.0,23840.0,3670.0,1565.0,5235.0,15955.0,2650.0,18605.0,,,,1635.0,875.0,2510.0,17990.0,3340.0,21330.0,16035.0,2740.0,18775.0,2110.0,710.0,2820.0,1270.0,735.0,2005.0,205.0,40.0,245.0,1375.0,430.0,,1335.0,1075.0,,1400.0,2860.0,,470.0,2380.0,,650.0,11865.0,,5235.0,18605.0,,525.0,120.0,,570.0,350.0,,325.0,705.0,,70.0,545.0,,75.0,930.0,,1565.0,2650.0,,850.0,310.0,,765.0,725.0,,1075.0,2155.0,,400.0,1835.0,,575.0,10935.0,,1370.0,1080.0,1325.0,615.0,1255.0,230.0,440.0,20.0,430.0,55.0,4820.0,520.0,460.0,565.0,235.0,295.0,15.0,50.0,10.0,15.0,15.0,1445.0,850.0,620.0,765.0,385.0,960.0,215.0,390.0,10.0,415.0,40.0,3380.0
8,"Bay County, Michigan",County,2014-2018,2435.0,2275.0,4710.0,2760.0,1945.0,4705.0,5020.0,2200.0,7220.0,3980.0,915.0,4895.0,19905.0,2455.0,22360.0,34105.0,9790.0,43890.0,6960.0,4275.0,11235.0,27140.0,5510.0,32650.0,,,,2760.0,2210.0,4970.0,31340.0,7580.0,38920.0,26900.0,5535.0,32435.0,4275.0,2110.0,6385.0,2450.0,1930.0,4380.0,480.0,205.0,685.0,3440.0,1275.0,,3360.0,1345.0,,2975.0,4240.0,,640.0,4255.0,,820.0,21540.0,,11235.0,32650.0,,1625.0,655.0,,1570.0,375.0,,920.0,1275.0,,85.0,825.0,,75.0,2380.0,,4275.0,5510.0,,1815.0,620.0,,1790.0,970.0,,2055.0,2965.0,,555.0,3430.0,,745.0,19160.0,,3415.0,2690.0,3320.0,1230.0,2750.0,365.0,590.0,35.0,695.0,60.0,10770.0,1600.0,1310.0,1540.0,555.0,770.0,45.0,70.0,0.0,60.0,20.0,4040.0,1815.0,1380.0,1780.0,675.0,1975.0,320.0,520.0,35.0,635.0,40.0,6725.0
9,"Benzie County, Michigan",County,2014-2018,365.0,190.0,555.0,515.0,155.0,670.0,960.0,125.0,1085.0,590.0,85.0,675.0,3610.0,140.0,3750.0,6035.0,695.0,6735.0,1340.0,340.0,1680.0,4695.0,360.0,5055.0,,,,640.0,175.0,815.0,5400.0,520.0,5920.0,4730.0,325.0,5055.0,715.0,170.0,885.0,550.0,160.0,710.0,45.0,40.0,85.0,430.0,120.0,,430.0,240.0,,400.0,685.0,,130.0,550.0,,290.0,3465.0,,1680.0,5055.0,,125.0,65.0,,130.0,30.0,,70.0,55.0,,10.0,75.0,,10.0,135.0,,340.0,360.0,,305.0,55.0,,300.0,210.0,,330.0,630.0,,120.0,475.0,,280.0,3330.0,,425.0,365.0,425.0,190.0,380.0,105.0,115.0,30.0,240.0,20.0,1585.0,125.0,100.0,130.0,50.0,65.0,10.0,10.0,0.0,0.0,0.0,330.0,305.0,265.0,300.0,140.0,315.0,95.0,105.0,30.0,240.0,20.0,1265.0
10,"Berrien County, Michigan",County,2014-2018,2320.0,4720.0,7040.0,3880.0,3790.0,7670.0,6480.0,4215.0,10695.0,4280.0,1865.0,6145.0,27630.0,4735.0,32365.0,44590.0,19320.0,63910.0,8745.0,9040.0,17785.0,35845.0,10280.0,46125.0,,,,3865.0,5250.0,9115.0,40725.0,14070.0,54795.0,35880.0,10480.0,46360.0,4940.0,4000.0,8940.0,3330.0,4255.0,7585.0,445.0,585.0,1030.0,5250.0,1790.0,,5160.0,2510.0,,4120.0,6575.0,,1125.0,5020.0,,2130.0,30230.0,,17785.0,46125.0,,3590.0,1130.0,,2910.0,880.0,,1820.0,2395.0,,290.0,1575.0,,430.0,4300.0,,9040.0,10280.0,,1660.0,660.0,,2250.0,1630.0,,2300.0,4180.0,,835.0,3445.0,,1700.0,25930.0,,5080.0,4165.0,5080.0,2195.0,3725.0,835.0,995.0,125.0,1645.0,270.0,16525.0,3465.0,2850.0,2885.0,1165.0,1590.0,230.0,195.0,0.0,120.0,10.0,8255.0,1615.0,1315.0,2190.0,1025.0,2135.0,605.0,805.0,125.0,1525.0,260.0,8270.0
11,"Branch County, Michigan",County,2014-2018,680.0,640.0,1320.0,855.0,860.0,1715.0,2025.0,1025.0,3050.0,1365.0,420.0,1785.0,7385.0,1255.0,8640.0,12310.0,4195.0,16505.0,2485.0,1520.0,4005.0,9825.0,2680.0,12505.0,,,,1130.0,650.0,1780.0,11180.0,3545.0,14725.0,9945.0,2670.0,12615.0,1415.0,900.0,2315.0,830.0,545.0,1375.0,125.0,85.0,210.0,945.0,370.0,,1140.0,570.0,,1120.0,1935.0,,290.0,1495.0,,505.0,8130.0,,4005.0,12505.0,,405.0,230.0,,620.0,235.0,,410.0,615.0,,50.0,370.0,,30.0,1225.0,,1520.0,2680.0,,540.0,140.0,,520.0,335.0,,710.0,1320.0,,240.0,1125.0,,475.0,6905.0,,880.0,730.0,1115.0,430.0,1050.0,135.0,230.0,25.0,405.0,50.0,3680.0,405.0,315.0,620.0,210.0,380.0,10.0,15.0,0.0,25.0,10.0,1445.0,480.0,420.0,495.0,220.0,675.0,125.0,220.0,25.0,375.0,40.0,2245.0
12,"Calhoun County, Michigan",County,2014-2018,2375.0,3425.0,5800.0,2975.0,3265.0,6240.0,5385.0,3215.0,8600.0,3745.0,1865.0,5610.0,22800.0,4610.0,27410.0,37280.0,16380.0,53660.0,7570.0,7635.0,15205.0,29710.0,8745.0,38455.0,,,,3520.0,3955.0,7475.0,33760.0,12420.0,46180.0,29840.0,8735.0,38575.0,4135.0,3735.0,7870.0,3030.0,3645.0,6675.0,275.0,260.0,535.0,4625.0,1175.0,,4495.0,1740.0,,3645.0,4960.0,,1090.0,4515.0,,1345.0,26065.0,,15205.0,38455.0,,2720.0,705.0,,2595.0,665.0,,1700.0,1515.0,,365.0,1500.0,,255.0,4355.0,,7635.0,8745.0,,1905.0,470.0,,1900.0,1075.0,,1945.0,3445.0,,725.0,3015.0,,1090.0,21710.0,,4600.0,3725.0,4435.0,2025.0,3490.0,755.0,905.0,80.0,1120.0,90.0,14550.0,2715.0,2215.0,2535.0,1135.0,1640.0,250.0,320.0,15.0,170.0,30.0,7380.0,1885.0,1510.0,1900.0,890.0,1850.0,500.0,580.0,65.0,950.0,65.0,7165.0
13,"Cass County, Michigan",County,2014-2018,705.0,985.0,1690.0,1115.0,540.0,1655.0,2760.0,920.0,3680.0,1890.0,575.0,2465.0,10310.0,1050.0,11360.0,16785.0,4070.0,20855.0,3365.0,1505.0,4870.0,13420.0,2565.0,15985.0,,,,1500.0,870.0,2370.0,15285.0,3205.0,18490.0,13575.0,2635.0,16210.0,1870.0,669.0,2539.0,1175.0,600.0,1775.0,170.0,165.0,335.0,1120.0,570.0,,1095.0,555.0,,1180.0,2505.0,,630.0,1840.0,,845.0,10515.0,,4870.0,15985.0,,620.0,365.0,,410.0,125.0,,260.0,660.0,,130.0,450.0,,85.0,965.0,,1505.0,2565.0,,500.0,205.0,,685.0,430.0,,920.0,1845.0,,500.0,1390.0,,760.0,9550.0,,1070.0,870.0,1070.0,465.0,1060.0,210.0,515.0,95.0,600.0,135.0,4315.0,575.0,465.0,395.0,120.0,230.0,15.0,65.0,0.0,4.0,0.0,1269.0,495.0,405.0,675.0,345.0,830.0,195.0,450.0,95.0,595.0,135.0,3045.0
14,"Charlevoix County, Michigan",County,2014-2018,525.0,380.0,905.0,870.0,505.0,1375.0,1470.0,500.0,1970.0,930.0,230.0,1160.0,5455.0,515.0,5970.0,9245.0,2130.0,11380.0,2005.0,835.0,2840.0,7245.0,1295.0,8540.0,,,,825.0,350.0,1175.0,8420.0,1780.0,10200.0,7185.0,1265.0,8450.0,1190.0,540.0,1730.0,745.0,280.0,1025.0,130.0,45.0,175.0,575.0,330.0,,865.0,515.0,,785.0,1180.0,,250.0,910.0,,370.0,5600.0,,2840.0,8540.0,,230.0,150.0,,315.0,190.0,,265.0,235.0,,20.0,215.0,,10.0,505.0,,835.0,1295.0,,345.0,180.0,,550.0,325.0,,520.0,945.0,,230.0,695.0,,360.0,5095.0,,570.0,460.0,855.0,335.0,780.0,180.0,225.0,20.0,335.0,35.0,2765.0,225.0,190.0,315.0,80.0,265.0,10.0,15.0,0.0,0.0,0.0,820.0,340.0,265.0,535.0,255.0,515.0,170.0,210.0,20.0,335.0,35.0,1935.0
15,"Cheboygan County, Michigan",County,2014-2018,680.0,475.0,1155.0,825.0,420.0,1245.0,1675.0,515.0,2190.0,1005.0,210.0,1215.0,5045.0,360.0,5405.0,9225.0,1975.0,11200.0,1825.0,815.0,2640.0,7400.0,1155.0,8555.0,,,,830.0,400.0,1230.0,8395.0,1575.0,9970.0,7245.0,1165.0,8410.0,1015.0,419.0,1434.0,730.0,340.0,1070.0,225.0,55.0,280.0,680.0,470.0,,680.0,565.0,,795.0,1395.0,,214.0,1000.0,,275.0,5125.0,,2640.0,8555.0,,290.0,180.0,,315.0,105.0,,200.0,315.0,,4.0,205.0,,10.0,350.0,,815.0,1155.0,,390.0,290.0,,365.0,460.0,,595.0,1080.0,,210.0,795.0,,265.0,4775.0,,675.0,535.0,665.0,240.0,730.0,195.0,205.0,35.0,230.0,60.0,2505.0,290.0,225.0,310.0,95.0,155.0,20.0,4.0,0.0,0.0,0.0,759.0,390.0,315.0,355.0,145.0,570.0,175.0,200.0,35.0,230.0,60.0,1745.0
16,"Chippewa County, Michigan",County,2014-2018,665.0,940.0,1605.0,865.0,1035.0,1900.0,1550.0,840.0,2390.0,1105.0,390.0,1495.0,5535.0,1120.0,6655.0,9720.0,4325.0,14045.0,1955.0,1740.0,3695.0,7765.0,2585.0,10350.0,,,,865.0,890.0,1755.0,8855.0,3435.0,12290.0,7800.0,2545.0,10345.0,1100.0,865.0,1965.0,735.0,810.0,1545.0,90.0,110.0,200.0,1105.0,500.0,,1230.0,665.0,,785.0,1605.0,,250.0,1250.0,,320.0,6330.0,,3695.0,10350.0,,600.0,340.0,,750.0,280.0,,320.0,520.0,,50.0,345.0,,20.0,1100.0,,1740.0,2585.0,,505.0,160.0,,480.0,385.0,,465.0,1085.0,,200.0,905.0,,300.0,5230.0,,1100.0,870.0,1230.0,505.0,740.0,110.0,185.0,25.0,250.0,30.0,3505.0,595.0,485.0,750.0,290.0,310.0,35.0,10.0,0.0,10.0,0.0,1675.0,505.0,385.0,480.0,215.0,435.0,80.0,175.0,25.0,240.0,30.0,1835.0
17,"Clare County, Michigan",County,2014-2018,975.0,705.0,1680.0,1500.0,630.0,2130.0,2035.0,475.0,2510.0,1030.0,125.0,1155.0,4575.0,360.0,4935.0,10110.0,2295.0,12405.0,2620.0,1250.0,3870.0,7490.0,1045.0,8535.0,,,,1290.0,665.0,1955.0,8825.0,1630.0,10455.0,7540.0,1125.0,8665.0,1355.0,614.0,1969.0,1095.0,505.0,1600.0,115.0,55.0,170.0,1295.0,380.0,,1370.0,765.0,,855.0,1650.0,,155.0,1000.0,,195.0,4740.0,,3870.0,8535.0,,500.0,205.0,,460.0,170.0,,210.0,265.0,,30.0,95.0,,50.0,310.0,,1250.0,1045.0,,795.0,175.0,,910.0,595.0,,645.0,1385.0,,125.0,905.0,,145.0,4430.0,,1265.0,1030.0,1305.0,430.0,785.0,115.0,110.0,10.0,110.0,15.0,3575.0,475.0,380.0,440.0,110.0,185.0,15.0,15.0,0.0,4.0,0.0,1119.0,790.0,650.0,865.0,320.0,600.0,100.0,90.0,10.0,105.0,15.0,2450.0
18,"Clinton County, Michigan",County,2014-2018,965.0,1255.0,2220.0,1345.0,1100.0,2445.0,3080.0,1545.0,4625.0,2480.0,665.0,3145.0,15300.0,1685.0,16985.0,23175.0,6250.0,29420.0,3610.0,2470.0,6080.0,19560.0,3780.0,23340.0,,,,1510.0,1145.0,2655.0,21665.0,5105.0,26770.0,19640.0,3680.0,23320.0,2115.0,1340.0,3455.0,1325.0,1030.0,2355.0,90.0,195.0,285.0,1765.0,450.0,,1605.0,845.0,,1425.0,3200.0,,460.0,2685.0,,825.0,16165.0,,6080.0,23340.0,,985.0,265.0,,825.0,275.0,,545.0,995.0,,30.0,635.0,,80.0,1610.0,,2470.0,3780.0,,780.0,185.0,,780.0,570.0,,880.0,2205.0,,430.0,2050.0,,745.0,14555.0,,1760.0,1395.0,1580.0,575.0,1375.0,295.0,445.0,20.0,655.0,65.0,5815.0,980.0,765.0,805.0,225.0,510.0,40.0,30.0,0.0,45.0,0.0,2370.0,780.0,635.0,775.0,350.0,865.0,255.0,410.0,20.0,610.0,65.0,3440.0
19,"Crawford County, Michigan",County,2014-2018,410.0,280.0,690.0,425.0,215.0,640.0,795.0,220.0,1015.0,560.0,100.0,660.0,2750.0,300.0,3050.0,4935.0,1110.0,6045.0,975.0,500.0,1475.0,3965.0,610.0,4575.0,,,,460.0,275.0,735.0,4480.0,835.0,5315.0,3940.0,600.0,4540.0,515.0,235.0,750.0,389.0,260.0,649.0,85.0,25.0,110.0,430.0,260.0,,410.0,230.0,,415.0,600.0,,100.0,560.0,,125.0,2925.0,,1475.0,4575.0,,205.0,75.0,,170.0,45.0,,120.0,100.0,,0.0,100.0,,10.0,290.0,,500.0,610.0,,225.0,185.0,,240.0,185.0,,295.0,500.0,,100.0,460.0,,115.0,2635.0,,425.0,325.0,405.0,230.0,390.0,85.0,89.0,4.0,85.0,0.0,1394.0,205.0,150.0,170.0,90.0,120.0,20.0,0.0,0.0,0.0,0.0,495.0,225.0,180.0,230.0,140.0,275.0,65.0,89.0,4.0,85.0,0.0,904.0
20,"Delta County, Michigan",County,2014-2018,690.0,1055.0,1745.0,1090.0,825.0,1915.0,2070.0,635.0,2705.0,1415.0,340.0,1755.0,7405.0,420.0,7825.0,12675.0,3275.0,15950.0,2285.0,1440.0,3725.0,10390.0,1835.0,12225.0,,,,1045.0,825.0,1870.0,11630.0,2450.0,14080.0,10440.0,1845.0,12285.0,1255.0,650.0,1905.0,895.0,695.0,1590.0,90.0,85.0,175.0,1220.0,525.0,,1085.0,830.0,,860.0,1845.0,,225.0,1530.0,,335.0,7490.0,,3725.0,12225.0,,690.0,365.0,,515.0,310.0,,180.0,455.0,,30.0,310.0,,25.0,395.0,,1440.0,1835.0,,530.0,160.0,,570.0,520.0,,680.0,1390.0,,195.0,1220.0,,310.0,7095.0,,1180.0,965.0,1070.0,420.0,765.0,135.0,200.0,15.0,275.0,55.0,3490.0,650.0,540.0,500.0,155.0,170.0,0.0,15.0,0.0,10.0,0.0,1345.0,530.0,425.0,575.0,265.0,595.0,135.0,185.0,15.0,265.0,55.0,2150.0
21,"Dickinson County, Michigan",County,2014-2018,535.0,700.0,1235.0,825.0,320.0,1145.0,1150.0,645.0,1795.0,805.0,275.0,1080.0,5305.0,530.0,5835.0,8620.0,2470.0,11085.0,1425.0,1020.0,2445.0,7195.0,1450.0,8645.0,,,,870.0,570.0,1440.0,7745.0,1900.0,9645.0,7330.0,1385.0,8715.0,565.0,464.0,1029.0,674.0,513.0,1187.0,45.0,110.0,155.0,950.0,285.0,,670.0,470.0,,495.0,1305.0,,80.0,1000.0,,250.0,5585.0,,2445.0,8645.0,,480.0,220.0,,280.0,40.0,,225.0,425.0,,20.0,255.0,,15.0,515.0,,1020.0,1450.0,,470.0,65.0,,390.0,430.0,,270.0,880.0,,60.0,745.0,,235.0,5070.0,,945.0,800.0,670.0,290.0,425.0,80.0,60.0,15.0,120.0,10.0,2220.0,480.0,405.0,285.0,100.0,204.0,4.0,0.0,0.0,8.0,4.0,977.0,465.0,395.0,390.0,190.0,215.0,70.0,60.0,15.0,109.0,4.0,1239.0
22,"Eaton County, Michigan",County,2014-2018,1385.0,2485.0,3870.0,1910.0,1885.0,3795.0,4300.0,3135.0,7435.0,3305.0,1510.0,4815.0,21015.0,3460.0,24475.0,31920.0,12470.0,44390.0,5420.0,4900.0,10320.0,26495.0,7575.0,34070.0,,,,2225.0,2685.0,4910.0,29690.0,9785.0,39475.0,26800.0,7720.0,34520.0,3240.0,2320.0,5560.0,1800.0,2290.0,4090.0,75.0,150.0,225.0,3170.0,695.0,,2575.0,1220.0,,2505.0,4930.0,,810.0,4005.0,,1255.0,23220.0,,10320.0,34070.0,,1985.0,495.0,,1440.0,440.0,,1145.0,1990.0,,165.0,1345.0,,160.0,3300.0,,4900.0,7575.0,,1185.0,200.0,,1135.0,780.0,,1360.0,2940.0,,645.0,2660.0,,1095.0,19920.0,,3130.0,2700.0,2545.0,870.0,2390.0,390.0,650.0,85.0,935.0,45.0,9650.0,1965.0,1750.0,1435.0,455.0,1110.0,75.0,60.0,10.0,40.0,0.0,4610.0,1165.0,950.0,1110.0,415.0,1280.0,315.0,590.0,75.0,895.0,45.0,5040.0
23,"Emmet County, Michigan",County,2014-2018,665.0,670.0,1335.0,905.0,745.0,1650.0,1670.0,935.0,2605.0,1015.0,510.0,1525.0,6380.0,1010.0,7390.0,10640.0,3870.0,14510.0,2460.0,1580.0,4040.0,8180.0,2290.0,10470.0,,,,1050.0,870.0,1920.0,9590.0,3000.0,12590.0,8140.0,2290.0,10430.0,1445.0,740.0,2185.0,935.0,760.0,1695.0,115.0,80.0,195.0,980.0,350.0,,1035.0,615.0,,1065.0,1545.0,,320.0,1205.0,,635.0,6755.0,,4040.0,10470.0,,510.0,155.0,,525.0,220.0,,345.0,590.0,,115.0,395.0,,80.0,930.0,,1580.0,2290.0,,470.0,195.0,,510.0,395.0,,720.0,955.0,,205.0,810.0,,555.0,5825.0,,965.0,815.0,1030.0,460.0,1055.0,285.0,290.0,45.0,545.0,100.0,3885.0,500.0,470.0,525.0,210.0,340.0,45.0,90.0,15.0,45.0,20.0,1500.0,465.0,345.0,510.0,255.0,710.0,235.0,195.0,25.0,500.0,75.0,2380.0
24,"Genesee County, Michigan",County,2014-2018,8225.0,12790.0,21015.0,9330.0,9715.0,19045.0,15370.0,10345.0,25715.0,11575.0,5150.0,16725.0,72195.0,13195.0,85390.0,116695.0,51195.0,167890.0,26050.0,25010.0,51060.0,90640.0,26185.0,116825.0,,,,12125.0,14330.0,26455.0,104570.0,36865.0,141435.0,90825.0,25190.0,116015.0,14210.0,11145.0,25355.0,10660.0,12945.0,23605.0,1000.0,1915.0,2915.0,16330.0,4680.0,,14590.0,4455.0,,11300.0,14405.0,,3790.0,12940.0,,5045.0,80345.0,,51060.0,116825.0,,9440.0,3350.0,,8295.0,1420.0,,5395.0,4945.0,,1170.0,3980.0,,705.0,12490.0,,25010.0,26185.0,,6890.0,1330.0,,6295.0,3035.0,,5905.0,9460.0,,2620.0,8960.0,,4340.0,67855.0,,16075.0,13775.0,14410.0,6550.0,10990.0,2300.0,3485.0,545.0,4005.0,430.0,48965.0,9290.0,8280.0,8255.0,3760.0,5190.0,670.0,980.0,175.0,375.0,60.0,24090.0,6780.0,5495.0,6155.0,2790.0,5795.0,1630.0,2505.0,375.0,3635.0,370.0,24870.0
25,"Gladwin County, Michigan",County,2014-2018,885.0,490.0,1375.0,975.0,400.0,1375.0,1605.0,355.0,1960.0,1120.0,165.0,1285.0,4700.0,295.0,4995.0,9290.0,1705.0,11000.0,2325.0,730.0,3055.0,6970.0,980.0,7950.0,,,,1155.0,455.0,1610.0,8135.0,1250.0,9385.0,7075.0,1000.0,8075.0,1180.0,280.0,1460.0,939.0,345.0,1284.0,95.0,90.0,185.0,1005.0,370.0,,860.0,515.0,,655.0,1305.0,,210.0,1075.0,,320.0,4675.0,,3055.0,7950.0,,290.0,200.0,,255.0,145.0,,125.0,230.0,,10.0,155.0,,50.0,245.0,,730.0,980.0,,715.0,170.0,,605.0,370.0,,530.0,1075.0,,200.0,920.0,,270.0,4430.0,,985.0,730.0,765.0,340.0,550.0,165.0,190.0,40.0,244.0,4.0,2734.0,280.0,215.0,230.0,95.0,90.0,25.0,10.0,10.0,15.0,0.0,625.0,705.0,515.0,535.0,245.0,465.0,140.0,185.0,35.0,229.0,4.0,2119.0
26,"Gogebic County, Michigan",County,2014-2018,510.0,475.0,985.0,570.0,370.0,940.0,980.0,230.0,1210.0,545.0,135.0,680.0,2600.0,200.0,2800.0,5210.0,1410.0,6620.0,995.0,570.0,1565.0,4215.0,840.0,5055.0,,,,415.0,265.0,680.0,4795.0,1140.0,5935.0,4160.0,790.0,4950.0,590.0,299.0,889.0,375.0,260.0,635.0,90.0,55.0,145.0,700.0,290.0,,430.0,515.0,,285.0,930.0,,79.0,600.0,,74.0,2725.0,,1565.0,5055.0,,340.0,135.0,,200.0,175.0,,25.0,205.0,,4.0,130.0,,4.0,200.0,,570.0,840.0,,360.0,155.0,,230.0,340.0,,260.0,725.0,,75.0,470.0,,70.0,2525.0,,700.0,505.0,420.0,70.0,280.0,50.0,65.0,10.0,65.0,0.0,1530.0,340.0,245.0,195.0,15.0,20.0,0.0,4.0,0.0,0.0,0.0,559.0,355.0,255.0,230.0,60.0,255.0,50.0,60.0,10.0,65.0,0.0,965.0
27,"Grand Traverse County, Michigan",County,2014-2018,1600.0,1570.0,3170.0,2210.0,1780.0,3990.0,4600.0,1700.0,6300.0,2820.0,1145.0,3965.0,17095.0,2610.0,19705.0,28330.0,8805.0,37135.0,6350.0,3900.0,10250.0,21975.0,4905.0,26880.0,,,,2610.0,2095.0,4705.0,25715.0,6710.0,32425.0,22070.0,5090.0,27160.0,3835.0,1930.0,5765.0,2210.0,1720.0,3930.0,215.0,60.0,275.0,2430.0,740.0,,2680.0,1310.0,,2760.0,3540.0,,970.0,2990.0,,1410.0,18295.0,,10250.0,26880.0,,1175.0,395.0,,1385.0,395.0,,945.0,755.0,,215.0,925.0,,180.0,2430.0,,3900.0,4905.0,,1255.0,345.0,,1295.0,915.0,,1815.0,2785.0,,755.0,2065.0,,1230.0,15865.0,,2425.0,2085.0,2605.0,1110.0,2615.0,595.0,825.0,60.0,1235.0,85.0,9705.0,1170.0,1005.0,1345.0,580.0,810.0,95.0,195.0,20.0,130.0,20.0,3650.0,1250.0,1080.0,1265.0,535.0,1800.0,495.0,625.0,35.0,1105.0,65.0,6045.0
28,"Gratiot County, Michigan",County,2014-2018,870.0,1175.0,2045.0,880.0,875.0,1755.0,1845.0,915.0,2760.0,1030.0,260.0,1290.0,6420.0,910.0,7330.0,11040.0,4135.0,15175.0,2085.0,1965.0,4050.0,8955.0,2170.0,11125.0,,,,830.0,1225.0,2055.0,10210.0,2910.0,13120.0,8815.0,2055.0,10870.0,1250.0,785.0,2035.0,730.0,1100.0,1830.0,240.0,195.0,435.0,1465.0,580.0,,1160.0,595.0,,960.0,1800.0,,195.0,1100.0,,270.0,7060.0,,4050.0,11125.0,,915.0,260.0,,620.0,255.0,,355.0,560.0,,30.0,235.0,,45.0,865.0,,1965.0,2170.0,,550.0,320.0,,540.0,340.0,,605.0,1240.0,,165.0,865.0,,225.0,6195.0,,1460.0,1295.0,1135.0,435.0,895.0,80.0,170.0,10.0,210.0,10.0,3870.0,910.0,835.0,620.0,225.0,320.0,40.0,15.0,0.0,20.0,0.0,1885.0,550.0,460.0,515.0,210.0,575.0,40.0,155.0,10.0,185.0,10.0,1980.0
29,"Hillsdale County, Michigan",County,2014-2018,850.0,935.0,1785.0,1260.0,845.0,2105.0,2260.0,845.0,3105.0,1415.0,420.0,1835.0,7950.0,1120.0,9070.0,13740.0,4165.0,17905.0,2830.0,1600.0,4430.0,10905.0,2565.0,13470.0,,,,1325.0,900.0,2225.0,12415.0,3265.0,15680.0,11015.0,2590.0,13605.0,1605.0,800.0,2405.0,960.0,640.0,1600.0,160.0,125.0,285.0,1210.0,580.0,,1315.0,790.0,,1080.0,2035.0,,305.0,1530.0,,535.0,8540.0,,4430.0,13470.0,,565.0,375.0,,555.0,290.0,,360.0,490.0,,55.0,365.0,,75.0,1050.0,,1600.0,2565.0,,645.0,205.0,,760.0,500.0,,720.0,1545.0,,250.0,1165.0,,460.0,7490.0,,1150.0,870.0,1300.0,555.0,965.0,125.0,255.0,35.0,345.0,25.0,4015.0,555.0,445.0,550.0,185.0,315.0,10.0,20.0,0.0,0.0,0.0,1440.0,590.0,420.0,750.0,370.0,645.0,110.0,235.0,35.0,345.0,25.0,2565.0
30,"Houghton County, Michigan",County,2014-2018,630.0,1410.0,2040.0,580.0,915.0,1495.0,1525.0,805.0,2330.0,1040.0,335.0,1375.0,5280.0,820.0,6100.0,9055.0,4285.0,13340.0,1670.0,2060.0,3730.0,7385.0,2225.0,9610.0,,,,860.0,1400.0,2260.0,8195.0,2890.0,11085.0,7490.0,2005.0,9495.0,860.0,780.0,1640.0,595.0,1210.0,1805.0,100.0,285.0,385.0,1465.0,580.0,,940.0,555.0,,725.0,1605.0,,225.0,1150.0,,375.0,5720.0,,3730.0,9610.0,,1000.0,410.0,,610.0,305.0,,320.0,485.0,,55.0,280.0,,70.0,745.0,,2060.0,2225.0,,465.0,170.0,,330.0,250.0,,405.0,1120.0,,170.0,870.0,,305.0,4975.0,,1425.0,1135.0,905.0,385.0,695.0,195.0,180.0,30.0,245.0,60.0,3450.0,970.0,790.0,610.0,280.0,320.0,100.0,50.0,10.0,40.0,30.0,1990.0,455.0,345.0,295.0,105.0,375.0,95.0,130.0,20.0,200.0,30.0,1455.0
31,"Huron County, Michigan",County,2014-2018,620.0,670.0,1290.0,1100.0,470.0,1570.0,1900.0,615.0,2515.0,1395.0,260.0,1655.0,6275.0,610.0,6885.0,11290.0,2630.0,13920.0,1935.0,1095.0,3030.0,9355.0,1535.0,10890.0,,,,805.0,580.0,1385.0,10485.0,2050.0,12535.0,9345.0,1530.0,10875.0,1155.0,535.0,1690.0,695.0,508.0,1203.0,100.0,60.0,160.0,935.0,355.0,,950.0,625.0,,630.0,1885.0,,205.0,1445.0,,305.0,6580.0,,3030.0,10890.0,,495.0,175.0,,365.0,110.0,,170.0,445.0,,20.0,235.0,,40.0,570.0,,1095.0,1535.0,,440.0,180.0,,585.0,515.0,,460.0,1440.0,,185.0,1210.0,,265.0,6010.0,,925.0,690.0,945.0,310.0,595.0,145.0,200.0,25.0,220.0,35.0,2885.0,495.0,385.0,360.0,80.0,155.0,35.0,19.0,4.0,14.0,4.0,1043.0,430.0,305.0,580.0,225.0,445.0,110.0,180.0,20.0,215.0,35.0,1850.0
32,"Ingham County, Michigan",County,2014-2018,4005.0,12725.0,16730.0,5135.0,9230.0,14365.0,9430.0,9145.0,18575.0,6405.0,4685.0,11090.0,40350.0,11090.0,51440.0,65325.0,46875.0,112200.0,12610.0,23480.0,36090.0,52715.0,23395.0,76110.0,,,,5475.0,14355.0,19830.0,59845.0,32520.0,92365.0,52550.0,23420.0,75970.0,7200.0,9640.0,16840.0,4955.0,12750.0,17705.0,620.0,1065.0,1685.0,13610.0,3115.0,,10885.0,3475.0,,7240.0,11335.0,,1810.0,9285.0,,2545.0,48895.0,,36090.0,76110.0,,10470.0,2255.0,,7630.0,1595.0,,3965.0,5180.0,,650.0,4040.0,,765.0,10325.0,,23480.0,23395.0,,3140.0,860.0,,3255.0,1880.0,,3275.0,6155.0,,1160.0,5245.0,,1780.0,38570.0,,13420.0,11645.0,10725.0,4315.0,6980.0,1355.0,1540.0,150.0,1880.0,240.0,34545.0,10290.0,9135.0,7505.0,2790.0,3805.0,655.0,470.0,70.0,320.0,100.0,22390.0,3130.0,2510.0,3220.0,1525.0,3175.0,700.0,1070.0,80.0,1560.0,140.0,12155.0
33,"Ionia County, Michigan",County,2014-2018,1015.0,1000.0,2015.0,1250.0,925.0,2175.0,2310.0,1200.0,3510.0,1840.0,590.0,2430.0,11205.0,1520.0,12725.0,17620.0,5235.0,22860.0,3450.0,2095.0,5545.0,14175.0,3140.0,17315.0,,,,1775.0,1095.0,2870.0,15850.0,4140.0,19990.0,14435.0,3225.0,17660.0,1755.0,1080.0,2835.0,1365.0,870.0,2235.0,70.0,70.0,140.0,1615.0,405.0,,1350.0,830.0,,1385.0,2125.0,,480.0,1945.0,,720.0,12010.0,,5545.0,17315.0,,775.0,230.0,,625.0,300.0,,515.0,685.0,,105.0,485.0,,80.0,1445.0,,2095.0,3140.0,,840.0,175.0,,725.0,530.0,,870.0,1440.0,,375.0,1460.0,,640.0,10565.0,,1600.0,1270.0,1335.0,620.0,1310.0,245.0,410.0,50.0,400.0,40.0,5055.0,765.0,570.0,625.0,245.0,470.0,45.0,75.0,10.0,15.0,0.0,1950.0,835.0,700.0,710.0,375.0,850.0,205.0,340.0,45.0,385.0,40.0,3120.0
34,"Iosco County, Michigan",County,2014-2018,705.0,525.0,1230.0,1000.0,385.0,1385.0,1880.0,645.0,2525.0,1015.0,275.0,1290.0,4660.0,535.0,5195.0,9260.0,2370.0,11630.0,1790.0,1015.0,2805.0,7470.0,1355.0,8825.0,,,,830.0,515.0,1345.0,8430.0,1855.0,10285.0,7475.0,1385.0,8860.0,980.0,525.0,1505.0,690.0,400.0,1090.0,115.0,60.0,175.0,940.0,290.0,,700.0,685.0,,775.0,1760.0,,180.0,1110.0,,205.0,4985.0,,2805.0,8825.0,,400.0,125.0,,255.0,130.0,,240.0,410.0,,85.0,190.0,,30.0,505.0,,1015.0,1355.0,,540.0,165.0,,445.0,555.0,,535.0,1350.0,,95.0,920.0,,175.0,4480.0,,910.0,670.0,695.0,215.0,725.0,155.0,145.0,30.0,120.0,15.0,2595.0,370.0,285.0,255.0,45.0,230.0,40.0,50.0,30.0,20.0,0.0,925.0,540.0,390.0,440.0,170.0,495.0,115.0,95.0,0.0,100.0,15.0,1670.0
35,"Iron County, Michigan",County,2014-2018,330.0,305.0,635.0,595.0,200.0,795.0,855.0,265.0,1120.0,415.0,95.0,510.0,2110.0,160.0,2270.0,4305.0,1020.0,5325.0,940.0,355.0,1295.0,3365.0,665.0,4030.0,,,,500.0,110.0,610.0,3805.0,915.0,4720.0,3375.0,625.0,4000.0,455.0,250.0,705.0,444.0,92.0,536.0,45.0,55.0,100.0,430.0,200.0,,460.0,335.0,,240.0,880.0,,55.0,450.0,,104.0,2160.0,,1295.0,4030.0,,170.0,135.0,,120.0,80.0,,50.0,215.0,,10.0,80.0,,4.0,150.0,,355.0,665.0,,260.0,65.0,,340.0,255.0,,190.0,665.0,,45.0,370.0,,100.0,2010.0,,420.0,290.0,455.0,185.0,230.0,45.0,49.0,4.0,85.0,15.0,1239.0,165.0,80.0,114.0,4.0,49.0,4.0,10.0,0.0,4.0,4.0,342.0,265.0,215.0,335.0,175.0,180.0,40.0,39.0,4.0,80.0,10.0,899.0
36,"Isabella County, Michigan",County,2014-2018,965.0,2870.0,3835.0,1050.0,1870.0,2920.0,2155.0,1930.0,4085.0,1570.0,785.0,2355.0,9640.0,2055.0,11695.0,15380.0,9510.0,24890.0,3110.0,5210.0,8320.0,12270.0,4300.0,16570.0,,,,1455.0,3325.0,4780.0,13920.0,6185.0,20105.0,12355.0,4090.0,16445.0,1660.0,1960.0,3620.0,1220.0,3144.0,4364.0,145.0,315.0,460.0,3150.0,690.0,,2215.0,705.0,,1805.0,2280.0,,545.0,1810.0,,605.0,11095.0,,8320.0,16570.0,,2355.0,520.0,,1555.0,315.0,,1020.0,910.0,,155.0,630.0,,130.0,1930.0,,5210.0,4300.0,,795.0,170.0,,660.0,390.0,,785.0,1370.0,,390.0,1180.0,,475.0,9165.0,,3125.0,2775.0,2165.0,1115.0,1755.0,345.0,470.0,75.0,470.0,50.0,7985.0,2340.0,2115.0,1525.0,835.0,990.0,160.0,145.0,30.0,104.0,4.0,5104.0,790.0,660.0,635.0,280.0,765.0,185.0,325.0,45.0,365.0,50.0,2880.0
37,"Jackson County, Michigan",County,2014-2018,2415.0,3325.0,5740.0,3320.0,3425.0,6745.0,6750.0,3460.0,10210.0,4035.0,1580.0,5615.0,28765.0,4625.0,33390.0,45280.0,16415.0,61695.0,8725.0,7475.0,16200.0,36555.0,8945.0,45500.0,,,,4100.0,3960.0,8060.0,41180.0,12455.0,53635.0,36870.0,8960.0,45830.0,4675.0,3710.0,8385.0,3495.0,3385.0,6880.0,240.0,365.0,605.0,4360.0,1380.0,,4755.0,1985.0,,4190.0,6015.0,,1060.0,4550.0,,1830.0,31560.0,,16200.0,45500.0,,2365.0,960.0,,2685.0,740.0,,1915.0,1545.0,,265.0,1315.0,,240.0,4385.0,,7475.0,8945.0,,1995.0,420.0,,2070.0,1245.0,,2275.0,4470.0,,795.0,3235.0,,1590.0,27175.0,,4325.0,3615.0,4690.0,2245.0,4010.0,740.0,940.0,115.0,1300.0,165.0,15265.0,2340.0,1955.0,2670.0,1110.0,1760.0,225.0,180.0,15.0,145.0,80.0,7095.0,1990.0,1660.0,2020.0,1135.0,2245.0,515.0,760.0,100.0,1155.0,85.0,8170.0
38,"Kalamazoo County, Michigan",County,2014-2018,3095.0,7695.0,10790.0,4135.0,6640.0,10775.0,8685.0,7950.0,16635.0,5925.0,5005.0,10930.0,43785.0,9895.0,53680.0,65625.0,37185.0,102810.0,11310.0,16865.0,28175.0,54315.0,20320.0,74635.0,,,,4565.0,9175.0,13740.0,61060.0,28010.0,89070.0,54590.0,20450.0,75040.0,6835.0,7990.0,14825.0,3875.0,7990.0,11865.0,325.0,755.0,1080.0,8400.0,2385.0,,8225.0,2550.0,,6875.0,9755.0,,2045.0,8885.0,,2635.0,51055.0,,28175.0,74635.0,,5860.0,1830.0,,5625.0,1015.0,,3820.0,4130.0,,790.0,4215.0,,770.0,9130.0,,16865.0,20320.0,,2540.0,555.0,,2600.0,1535.0,,3055.0,5625.0,,1255.0,4670.0,,1865.0,41925.0,,8280.0,7065.0,8005.0,3355.0,6590.0,1120.0,1885.0,205.0,1930.0,120.0,26690.0,5750.0,5150.0,5530.0,2350.0,3610.0,435.0,640.0,20.0,450.0,35.0,15980.0,2525.0,1910.0,2470.0,1000.0,2985.0,690.0,1245.0,185.0,1485.0,90.0,10710.0
39,"Kalkaska County, Michigan",County,2014-2018,505.0,320.0,825.0,535.0,265.0,800.0,960.0,310.0,1270.0,605.0,140.0,745.0,3160.0,340.0,3500.0,5765.0,1375.0,7140.0,1320.0,590.0,1910.0,4445.0,785.0,5230.0,,,,635.0,355.0,990.0,5125.0,1020.0,6145.0,4455.0,830.0,5285.0,705.0,239.0,944.0,500.0,270.0,770.0,105.0,30.0,135.0,600.0,230.0,,475.0,320.0,,475.0,800.0,,135.0,610.0,,225.0,3270.0,,1910.0,5230.0,,225.0,100.0,,160.0,100.0,,145.0,165.0,,0.0,140.0,,60.0,280.0,,590.0,785.0,,375.0,130.0,,315.0,220.0,,330.0,635.0,,135.0,470.0,,165.0,2990.0,,595.0,520.0,455.0,190.0,415.0,45.0,120.0,0.0,130.0,15.0,1715.0,220.0,205.0,150.0,65.0,135.0,0.0,0.0,0.0,4.0,0.0,509.0,375.0,315.0,305.0,125.0,280.0,45.0,120.0,0.0,125.0,15.0,1205.0
40,"Kent County, Michigan",County,2014-2018,8060.0,15590.0,23650.0,12055.0,14875.0,26930.0,24885.0,16440.0,41325.0,17310.0,8525.0,25835.0,102890.0,18610.0,121500.0,165200.0,74035.0,239235.0,28790.0,34320.0,63110.0,136415.0,39715.0,176130.0,,,,11550.0,19825.0,31375.0,153650.0,54210.0,207860.0,137170.0,40935.0,178105.0,17685.0,15725.0,33410.0,9475.0,16195.0,25670.0,870.0,1175.0,2045.0,18910.0,4735.0,,19265.0,7665.0,,15975.0,25355.0,,3735.0,22100.0,,5225.0,116275.0,,63110.0,176130.0,,12355.0,3230.0,,12230.0,2645.0,,7370.0,9070.0,,1145.0,7380.0,,1220.0,17390.0,,34320.0,39715.0,,6555.0,1505.0,,7035.0,5020.0,,8605.0,16285.0,,2590.0,14720.0,,4005.0,98885.0,,18765.0,15720.0,18675.0,7075.0,14720.0,2125.0,3145.0,295.0,3790.0,465.0,59095.0,12235.0,10810.0,11795.0,4655.0,6560.0,505.0,765.0,75.0,565.0,150.0,31920.0,6530.0,4910.0,6875.0,2420.0,8155.0,1615.0,2375.0,215.0,3225.0,315.0,27160.0
41,"Keweenaw County, Michigan",County,2014-2018,55.0,55.0,110.0,95.0,4.0,99.0,170.0,10.0,180.0,110.0,10.0,120.0,520.0,45.0,565.0,955.0,125.0,1080.0,190.0,20.0,210.0,765.0,105.0,870.0,,,,125.0,10.0,135.0,830.0,115.0,945.0,799.0,99.0,898.0,74.0,15.0,89.0,84.0,10.0,94.0,4.0,0.0,4.0,65.0,40.0,,35.0,64.0,,50.0,135.0,,15.0,105.0,,45.0,525.0,,210.0,870.0,,20.0,30.0,,0.0,4.0,,0.0,10.0,,0.0,10.0,,0.0,45.0,,20.0,105.0,,45.0,10.0,,35.0,60.0,,50.0,125.0,,15.0,95.0,,45.0,480.0,,70.0,45.0,30.0,20.0,40.0,15.0,8.0,4.0,35.0,10.0,183.0,25.0,10.0,0.0,0.0,0.0,0.0,0.0,0.0,0.0,0.0,25.0,45.0,35.0,30.0,20.0,40.0,15.0,8.0,4.0,35.0,10.0,158.0
42,"Lake County, Michigan",County,2014-2018,440.0,340.0,780.0,535.0,155.0,690.0,825.0,120.0,945.0,450.0,25.0,475.0,1550.0,80.0,1630.0,3800.0,720.0,4515.0,1040.0,360.0,1400.0,2760.0,360.0,3120.0,,,,520.0,245.0,765.0,3275.0,470.0,3745.0,2735.0,340.0,3075.0,530.0,114.0,644.0,464.0,235.0,699.0,70.0,35.0,105.0,585.0,190.0,,380.0,310.0,,270.0,675.0,,69.0,405.0,,89.0,1545.0,,1400.0,3120.0,,245.0,90.0,,75.0,80.0,,30.0,95.0,,4.0,20.0,,4.0,75.0,,360.0,360.0,,340.0,100.0,,305.0,230.0,,240.0,580.0,,65.0,385.0,,85.0,1470.0,,575.0,420.0,380.0,195.0,260.0,75.0,64.0,4.0,65.0,10.0,1344.0,240.0,195.0,75.0,40.0,30.0,0.0,4.0,0.0,0.0,0.0,349.0,330.0,220.0,305.0,155.0,235.0,75.0,59.0,4.0,65.0,10.0,994.0
43,"Lapeer County, Michigan",County,2014-2018,1760.0,1480.0,3240.0,2455.0,1180.0,3635.0,4775.0,1090.0,5865.0,3570.0,655.0,4225.0,15270.0,1090.0,16360.0,27830.0,5490.0,33320.0,5940.0,2670.0,8610.0,21890.0,2815.0,24705.0,,,,2725.0,1490.0,4215.0,25110.0,4000.0,29110.0,22070.0,2910.0,24980.0,3285.0,1215.0,4500.0,2355.0,1300.0,3655.0,115.0,60.0,175.0,2535.0,705.0,,2335.0,1300.0,,2165.0,3695.0,,740.0,3490.0,,840.0,15520.0,,8610.0,24705.0,,1155.0,325.0,,855.0,325.0,,460.0,625.0,,140.0,515.0,,60.0,1030.0,,2670.0,2815.0,,1380.0,380.0,,1480.0,975.0,,1705.0,3070.0,,600.0,2975.0,,780.0,14490.0,,2535.0,2110.0,2275.0,950.0,2005.0,460.0,660.0,85.0,685.0,55.0,8160.0,1155.0,965.0,850.0,275.0,395.0,60.0,115.0,0.0,0.0,0.0,2515.0,1380.0,1145.0,1425.0,675.0,1605.0,395.0,545.0,85.0,685.0,55.0,5640.0
44,"Leelanau County, Michigan",County,2014-2018,440.0,235.0,675.0,555.0,250.0,805.0,1415.0,315.0,1730.0,965.0,120.0,1085.0,4640.0,205.0,4845.0,8020.0,1135.0,9150.0,1975.0,490.0,2465.0,6040.0,640.0,6680.0,,,,810.0,305.0,1115.0,7210.0,830.0,8040.0,6045.0,660.0,6705.0,1175.0,224.0,1399.0,730.0,230.0,960.0,75.0,10.0,85.0,445.0,235.0,,505.0,300.0,,770.0,960.0,,235.0,855.0,,515.0,4335.0,,2465.0,6680.0,,115.0,120.0,,200.0,50.0,,155.0,160.0,,10.0,110.0,,10.0,200.0,,490.0,640.0,,330.0,115.0,,305.0,250.0,,615.0,800.0,,225.0,745.0,,505.0,4135.0,,445.0,320.0,500.0,280.0,740.0,260.0,230.0,30.0,445.0,70.0,2360.0,115.0,90.0,200.0,120.0,125.0,20.0,10.0,0.0,4.0,0.0,454.0,330.0,230.0,300.0,160.0,615.0,240.0,220.0,30.0,440.0,70.0,1905.0
45,"Lenawee County, Michigan",County,2014-2018,1270.0,1635.0,2905.0,2440.0,1605.0,4045.0,4385.0,1830.0,6215.0,3185.0,1015.0,4200.0,18300.0,2560.0,20860.0,29580.0,8645.0,38220.0,6335.0,3690.0,10025.0,23240.0,4955.0,28195.0,,,,2570.0,1975.0,4545.0,27010.0,6670.0,33680.0,23395.0,4990.0,28385.0,3820.0,1730.0,5550.0,2210.0,1785.0,3995.0,160.0,135.0,295.0,2265.0,635.0,,3005.0,1040.0,,2465.0,3755.0,,930.0,3270.0,,1365.0,19495.0,,10025.0,28195.0,,1300.0,330.0,,1335.0,270.0,,740.0,1095.0,,175.0,840.0,,140.0,2420.0,,3690.0,4955.0,,965.0,305.0,,1670.0,770.0,,1725.0,2660.0,,755.0,2430.0,,1225.0,17075.0,,2265.0,1935.0,2960.0,1300.0,2340.0,515.0,890.0,135.0,1095.0,110.0,9550.0,1300.0,1150.0,1310.0,505.0,695.0,80.0,160.0,40.0,50.0,10.0,3515.0,965.0,785.0,1650.0,795.0,1645.0,435.0,725.0,95.0,1045.0,100.0,6030.0
46,"Livingston County, Michigan",County,2014-2018,3770.0,2165.0,5935.0,5045.0,2045.0,7090.0,9010.0,2790.0,11800.0,6870.0,1050.0,7920.0,35970.0,2470.0,38440.0,60660.0,10520.0,71180.0,11615.0,4445.0,16060.0,49050.0,6070.0,55120.0,,,,4925.0,2320.0,7245.0,55735.0,8200.0,63935.0,49270.0,6115.0,55385.0,6750.0,2255.0,9005.0,4415.0,2043.0,6458.0,225.0,95.0,320.0,5045.0,890.0,,4330.0,2760.0,,3950.0,7845.0,,1235.0,6675.0,,1495.0,36945.0,,16060.0,55120.0,,1920.0,245.0,,1495.0,550.0,,800.0,1990.0,,135.0,910.0,,95.0,2375.0,,4445.0,6070.0,,3125.0,645.0,,2835.0,2210.0,,3150.0,5855.0,,1100.0,5765.0,,1400.0,34570.0,,5000.0,3865.0,4220.0,1530.0,3810.0,825.0,1185.0,145.0,1250.0,90.0,15465.0,1910.0,1545.0,1455.0,380.0,720.0,110.0,134.0,4.0,79.0,4.0,4298.0,3090.0,2320.0,2770.0,1155.0,3090.0,715.0,1050.0,140.0,1165.0,85.0,11165.0
47,"Luce County, Michigan",County,2014-2018,155.0,75.0,230.0,130.0,105.0,235.0,360.0,90.0,450.0,215.0,35.0,250.0,920.0,105.0,1025.0,1775.0,415.0,2190.0,330.0,180.0,510.0,1450.0,235.0,1685.0,,,,130.0,120.0,250.0,1645.0,290.0,1935.0,1450.0,255.0,1705.0,205.0,60.0,265.0,124.0,89.0,213.0,4.0,4.0,8.0,170.0,60.0,,125.0,105.0,,120.0,330.0,,30.0,220.0,,60.0,965.0,,510.0,1685.0,,55.0,20.0,,50.0,55.0,,35.0,55.0,,10.0,25.0,,25.0,80.0,,180.0,235.0,,115.0,40.0,,75.0,50.0,,85.0,275.0,,20.0,195.0,,35.0,885.0,,170.0,115.0,130.0,65.0,120.0,25.0,20.0,0.0,40.0,15.0,480.0,55.0,45.0,50.0,30.0,34.0,4.0,0.0,0.0,10.0,10.0,149.0,115.0,70.0,80.0,35.0,85.0,15.0,20.0,0.0,29.0,4.0,329.0
48,"Mackinac County, Michigan",County,2014-2018,305.0,280.0,585.0,305.0,275.0,580.0,695.0,290.0,985.0,380.0,75.0,455.0,2220.0,460.0,2680.0,3905.0,1380.0,5285.0,800.0,555.0,1355.0,3110.0,820.0,3930.0,,,,430.0,380.0,810.0,3480.0,995.0,4475.0,3115.0,910.0,4025.0,385.0,179.0,564.0,360.0,275.0,635.0,50.0,15.0,65.0,435.0,150.0,,310.0,275.0,,350.0,635.0,,89.0,360.0,,175.0,2510.0,,1355.0,3930.0,,215.0,65.0,,145.0,130.0,,140.0,150.0,,4.0,65.0,,50.0,410.0,,555.0,820.0,,220.0,85.0,,165.0,145.0,,210.0,485.0,,85.0,295.0,,125.0,2100.0,,420.0,355.0,305.0,145.0,300.0,115.0,65.0,10.0,105.0,10.0,1195.0,215.0,165.0,140.0,80.0,95.0,30.0,0.0,0.0,4.0,0.0,454.0,210.0,190.0,165.0,65.0,205.0,85.0,65.0,10.0,100.0,10.0,745.0
49,"Macomb County, Michigan",County,2014-2018,15510.0,18620.0,34130.0,20870.0,17320.0,38190.0,37690.0,19170.0,56860.0,26230.0,11130.0,37360.0,150460.0,26595.0,177055.0,250755.0,92835.0,343590.0,50830.0,43425.0,94255.0,199925.0,49410.0,249335.0,,,,22615.0,24320.0,46935.0,228145.0,68515.0,296660.0,201005.0,50385.0,251390.0,28710.0,20085.0,48795.0,19400.0,20920.0,40320.0,1640.0,1450.0,3090.0,27665.0,6460.0,,27240.0,10955.0,,23710.0,33145.0,,7335.0,30020.0,,8300.0,168755.0,,94255.0,249335.0,,14695.0,3920.0,,14890.0,2435.0,,10230.0,8935.0,,2090.0,9040.0,,1520.0,25075.0,,43425.0,49410.0,,12970.0,2540.0,,12350.0,8520.0,,13480.0,24210.0,,5245.0,20980.0,,6780.0,143680.0,,27355.0,22925.0,26855.0,11630.0,22490.0,4590.0,6465.0,645.0,5950.0,525.0,89115.0,14510.0,12890.0,14730.0,6420.0,9550.0,1400.0,1605.0,120.0,610.0,90.0,41005.0,12845.0,10035.0,12130.0,5215.0,12940.0,3190.0,4855.0,525.0,5340.0,435.0,48110.0
50,"Manistee County, Michigan",County,2014-2018,515.0,375.0,890.0,670.0,340.0,1010.0,1435.0,435.0,1870.0,845.0,205.0,1050.0,4440.0,325.0,4765.0,7910.0,1680.0,9590.0,1755.0,755.0,2510.0,6155.0,930.0,7085.0,,,,760.0,415.0,1175.0,7150.0,1265.0,8415.0,6165.0,955.0,7120.0,1005.0,350.0,1355.0,670.0,344.0,1014.0,65.0,25.0,90.0,710.0,180.0,,630.0,380.0,,615.0,1255.0,,245.0,805.0,,305.0,4460.0,,2510.0,7085.0,,325.0,50.0,,245.0,95.0,,140.0,295.0,,40.0,165.0,,0.0,325.0,,755.0,930.0,,385.0,130.0,,385.0,285.0,,475.0,960.0,,205.0,640.0,,305.0,4135.0,,700.0,565.0,625.0,225.0,595.0,120.0,215.0,55.0,245.0,55.0,2380.0,315.0,260.0,245.0,80.0,124.0,4.0,10.0,0.0,0.0,0.0,694.0,385.0,305.0,375.0,140.0,470.0,115.0,200.0,55.0,245.0,55.0,1675.0
51,"Marquette County, Michigan",County,2014-2018,950.0,2255.0,3205.0,1170.0,1655.0,2825.0,2515.0,1700.0,4215.0,2270.0,760.0,3030.0,11265.0,1665.0,12930.0,18165.0,8035.0,26205.0,3220.0,3805.0,7025.0,14950.0,4230.0,19180.0,,,,1600.0,2020.0,3620.0,16570.0,6020.0,22590.0,14970.0,4035.0,19005.0,1650.0,1825.0,3475.0,1310.0,1845.0,3155.0,240.0,335.0,575.0,2280.0,925.0,,2015.0,815.0,,1520.0,2690.0,,490.0,2540.0,,725.0,12205.0,,7025.0,19180.0,,1625.0,630.0,,1255.0,400.0,,695.0,1005.0,,105.0,655.0,,125.0,1540.0,,3805.0,4230.0,,655.0,295.0,,760.0,415.0,,825.0,1685.0,,385.0,1885.0,,600.0,10665.0,,2230.0,1800.0,1950.0,810.0,1465.0,370.0,465.0,65.0,515.0,110.0,6625.0,1585.0,1300.0,1240.0,445.0,685.0,90.0,105.0,0.0,55.0,10.0,3670.0,640.0,495.0,720.0,370.0,780.0,280.0,360.0,65.0,460.0,100.0,2960.0
52,"Mason County, Michigan",County,2014-2018,600.0,570.0,1170.0,825.0,525.0,1350.0,1535.0,495.0,2030.0,1095.0,285.0,1380.0,5420.0,765.0,6185.0,9475.0,2640.0,12115.0,2210.0,1120.0,3330.0,7265.0,1520.0,8785.0,,,,915.0,595.0,1510.0,8560.0,2045.0,10605.0,7280.0,1525.0,8805.0,1335.0,525.0,1860.0,775.0,568.0,1343.0,80.0,25.0,105.0,945.0,225.0,,855.0,495.0,,820.0,1210.0,,285.0,1100.0,,430.0,5755.0,,3330.0,8785.0,,485.0,85.0,,295.0,230.0,,235.0,260.0,,40.0,250.0,,70.0,695.0,,1120.0,1520.0,,460.0,140.0,,560.0,265.0,,585.0,950.0,,245.0,850.0,,360.0,5060.0,,920.0,780.0,850.0,385.0,810.0,100.0,260.0,45.0,375.0,35.0,3215.0,470.0,440.0,290.0,105.0,234.0,4.0,39.0,4.0,60.0,15.0,1093.0,450.0,340.0,555.0,280.0,570.0,95.0,220.0,40.0,315.0,20.0,2110.0
53,"Mecosta County, Michigan",County,2014-2018,715.0,1330.0,2045.0,1135.0,795.0,1930.0,1865.0,830.0,2695.0,1375.0,430.0,1805.0,6530.0,845.0,7375.0,11625.0,4235.0,15860.0,2555.0,1970.0,4525.0,9070.0,2265.0,11335.0,,,,1200.0,1225.0,2425.0,10425.0,3010.0,13435.0,9190.0,2215.0,11405.0,1380.0,740.0,2120.0,969.0,1110.0,2079.0,80.0,170.0,250.0,1460.0,590.0,,1110.0,820.0,,1045.0,1655.0,,420.0,1385.0,,490.0,6885.0,,4525.0,11335.0,,925.0,410.0,,490.0,305.0,,405.0,430.0,,105.0,325.0,,50.0,795.0,,1970.0,2265.0,,535.0,180.0,,620.0,515.0,,640.0,1225.0,,315.0,1060.0,,440.0,6090.0,,1450.0,1255.0,1105.0,510.0,935.0,275.0,339.0,4.0,370.0,30.0,4199.0,920.0,795.0,485.0,195.0,355.0,120.0,50.0,0.0,40.0,0.0,1850.0,530.0,460.0,620.0,320.0,580.0,155.0,289.0,4.0,330.0,30.0,2349.0
54,"Menominee County, Michigan",County,2014-2018,525.0,540.0,1065.0,800.0,575.0,1375.0,1530.0,435.0,1965.0,980.0,195.0,1175.0,4530.0,555.0,5085.0,8365.0,2300.0,10665.0,1425.0,855.0,2280.0,6940.0,1445.0,8385.0,,,,615.0,400.0,1015.0,7750.0,1900.0,9650.0,7000.0,1435.0,8435.0,820.0,500.0,1320.0,470.0,310.0,780.0,75.0,50.0,125.0,730.0,335.0,,695.0,685.0,,455.0,1510.0,,155.0,1020.0,,245.0,4845.0,,2280.0,8385.0,,365.0,175.0,,335.0,240.0,,70.0,365.0,,15.0,180.0,,70.0,490.0,,855.0,1445.0,,365.0,160.0,,360.0,445.0,,385.0,1145.0,,140.0,840.0,,175.0,4355.0,,695.0,515.0,685.0,110.0,390.0,105.0,140.0,40.0,190.0,10.0,2100.0,365.0,255.0,330.0,35.0,55.0,20.0,10.0,0.0,50.0,0.0,810.0,330.0,260.0,355.0,75.0,335.0,85.0,130.0,40.0,140.0,10.0,1290.0
55,"Midland County, Michigan",County,2014-2018,1410.0,2195.0,3605.0,2235.0,1515.0,3750.0,4245.0,1625.0,5870.0,2520.0,1105.0,3625.0,15310.0,1855.0,17165.0,25720.0,8295.0,34015.0,3910.0,3615.0,7525.0,21810.0,4680.0,26490.0,,,,1475.0,1900.0,3375.0,24245.0,6395.0,30640.0,21855.0,4705.0,26560.0,2450.0,1800.0,4250.0,1320.0,1640.0,2960.0,95.0,140.0,235.0,2890.0,715.0,,2085.0,1665.0,,1705.0,4160.0,,320.0,3305.0,,525.0,16645.0,,7525.0,26490.0,,1800.0,395.0,,1000.0,515.0,,705.0,915.0,,45.0,1060.0,,65.0,1795.0,,3615.0,4680.0,,1090.0,320.0,,1085.0,1150.0,,1000.0,3245.0,,275.0,2245.0,,460.0,14850.0,,2850.0,2025.0,2010.0,525.0,1635.0,290.0,275.0,30.0,435.0,85.0,7205.0,1760.0,1290.0,945.0,230.0,665.0,95.0,45.0,0.0,25.0,25.0,3440.0,1090.0,735.0,1070.0,300.0,970.0,195.0,230.0,30.0,410.0,60.0,3770.0
56,"Missaukee County, Michigan",County,2014-2018,295.0,205.0,500.0,555.0,255.0,810.0,910.0,205.0,1115.0,650.0,165.0,815.0,2495.0,290.0,2785.0,4905.0,1120.0,6025.0,1250.0,485.0,1735.0,3655.0,635.0,4290.0,,,,560.0,280.0,840.0,4345.0,840.0,5185.0,3760.0,665.0,4425.0,700.0,214.0,914.0,430.0,234.0,664.0,15.0,15.0,30.0,390.0,110.0,,540.0,275.0,,445.0,665.0,,140.0,680.0,,225.0,2565.0,,1735.0,4290.0,,140.0,65.0,,220.0,40.0,,80.0,125.0,,15.0,150.0,,35.0,260.0,,485.0,635.0,,250.0,45.0,,320.0,235.0,,365.0,540.0,,125.0,530.0,,190.0,2305.0,,385.0,305.0,535.0,260.0,405.0,70.0,110.0,15.0,135.0,15.0,1570.0,135.0,120.0,220.0,95.0,70.0,15.0,4.0,0.0,19.0,4.0,448.0,250.0,185.0,320.0,165.0,340.0,55.0,105.0,15.0,115.0,10.0,1130.0
57,"Monroe County, Michigan",County,2014-2018,3035.0,2700.0,5735.0,3675.0,2385.0,6060.0,6835.0,2715.0,9550.0,4750.0,985.0,5735.0,29180.0,3020.0,32200.0,47475.0,11805.0,59280.0,9315.0,5565.0,14880.0,38160.0,6240.0,44400.0,,,,4330.0,2645.0,6975.0,43145.0,9165.0,52310.0,38300.0,6340.0,44640.0,5090.0,3110.0,8200.0,3725.0,2205.0,5930.0,360.0,150.0,510.0,4545.0,1190.0,,4285.0,1780.0,,3345.0,6205.0,,940.0,4790.0,,1770.0,30435.0,,14880.0,44400.0,,2120.0,580.0,,1990.0,395.0,,1210.0,1505.0,,90.0,895.0,,160.0,2865.0,,5565.0,6240.0,,2425.0,610.0,,2295.0,1385.0,,2135.0,4700.0,,850.0,3895.0,,1610.0,27570.0,,4530.0,3450.0,4155.0,1690.0,3165.0,610.0,865.0,100.0,1410.0,80.0,14125.0,2100.0,1435.0,1915.0,700.0,1125.0,70.0,85.0,0.0,90.0,0.0,5315.0,2430.0,2015.0,2240.0,990.0,2040.0,540.0,780.0,100.0,1325.0,80.0,8815.0
58,"Montcalm County, Michigan",County,2014-2018,1290.0,1190.0,2480.0,1540.0,1125.0,2665.0,3495.0,1120.0,4615.0,2095.0,520.0,2615.0,10160.0,1230.0,11390.0,18580.0,5180.0,23760.0,4005.0,2380.0,6385.0,14575.0,2800.0,17375.0,,,,1865.0,1245.0,3110.0,16715.0,3935.0,20650.0,14795.0,2820.0,17615.0,2170.0,1220.0,3390.0,1390.0,1040.0,2430.0,230.0,100.0,330.0,1850.0,630.0,,1655.0,1010.0,,1635.0,2970.0,,450.0,2165.0,,795.0,10590.0,,6385.0,17375.0,,915.0,275.0,,790.0,335.0,,460.0,655.0,,120.0,400.0,,100.0,1130.0,,2380.0,2800.0,,935.0,355.0,,865.0,675.0,,1175.0,2315.0,,330.0,1765.0,,695.0,9460.0,,1800.0,1485.0,1615.0,600.0,1530.0,275.0,400.0,35.0,470.0,40.0,5815.0,900.0,750.0,775.0,250.0,445.0,20.0,95.0,0.0,45.0,20.0,2260.0,900.0,735.0,835.0,345.0,1085.0,255.0,310.0,35.0,430.0,20.0,3560.0
59,"Montmorency County, Michigan",County,2014-2018,255.0,150.0,405.0,450.0,115.0,565.0,760.0,180.0,940.0,420.0,45.0,465.0,1720.0,105.0,1825.0,3605.0,590.0,4195.0,795.0,230.0,1025.0,2810.0,360.0,3170.0,,,,425.0,130.0,555.0,3180.0,460.0,3640.0,2830.0,360.0,3190.0,405.0,104.0,509.0,349.0,105.0,454.0,20.0,25.0,45.0,300.0,105.0,,295.0,265.0,,255.0,685.0,,69.0,395.0,,105.0,1720.0,,1025.0,3170.0,,105.0,45.0,,65.0,45.0,,40.0,140.0,,4.0,40.0,,15.0,90.0,,230.0,360.0,,195.0,60.0,,230.0,220.0,,215.0,545.0,,65.0,355.0,,90.0,1630.0,,300.0,215.0,295.0,160.0,235.0,65.0,55.0,10.0,84.0,4.0,969.0,100.0,55.0,65.0,50.0,40.0,0.0,4.0,0.0,0.0,0.0,209.0,195.0,160.0,230.0,110.0,195.0,65.0,50.0,10.0,84.0,4.0,754.0
60,"Muskegon County, Michigan",County,2014-2018,2720.0,4450.0,7170.0,3630.0,3390.0,7020.0,7435.0,3475.0,10910.0,5480.0,1540.0,7020.0,29650.0,3850.0,33500.0,48915.0,16705.0,65620.0,8785.0,8430.0,17215.0,40135.0,8275.0,48410.0,,,,3545.0,4790.0,8335.0,45370.0,11915.0,57285.0,40265.0,8350.0,48615.0,5255.0,3950.0,9205.0,2945.0,3990.0,6935.0,450.0,415.0,865.0,5210.0,1960.0,,4800.0,2220.0,,4235.0,6680.0,,1480.0,5535.0,,1495.0,32005.0,,17215.0,48410.0,,3190.0,1260.0,,2680.0,710.0,,1905.0,1570.0,,365.0,1170.0,,290.0,3560.0,,8430.0,8275.0,,2020.0,700.0,,2120.0,1510.0,,2330.0,5110.0,,1115.0,4365.0,,1205.0,28445.0,,5175.0,4115.0,4710.0,2040.0,3965.0,500.0,1250.0,200.0,1040.0,85.0,16140.0,3165.0,2630.0,2620.0,1185.0,1740.0,95.0,300.0,55.0,115.0,25.0,7940.0,2010.0,1485.0,2085.0,850.0,2225.0,405.0,955.0,145.0,925.0,60.0,8200.0
61,"Newaygo County, Michigan",County,2014-2018,1300.0,1005.0,2305.0,1640.0,610.0,2250.0,2505.0,695.0,3200.0,1705.0,280.0,1985.0,8505.0,760.0,9265.0,15655.0,3355.0,19005.0,3570.0,1575.0,5145.0,12085.0,1780.0,13865.0,,,,1930.0,880.0,2810.0,13725.0,2475.0,16200.0,12285.0,1840.0,14125.0,1695.0,735.0,2430.0,1525.0,700.0,2225.0,145.0,80.0,225.0,1690.0,610.0,,1385.0,865.0,,1095.0,2105.0,,455.0,1535.0,,515.0,8750.0,,5145.0,13865.0,,670.0,335.0,,435.0,175.0,,320.0,375.0,,100.0,185.0,,50.0,710.0,,1575.0,1780.0,,1020.0,275.0,,950.0,690.0,,775.0,1730.0,,355.0,1350.0,,465.0,8040.0,,1675.0,1245.0,1350.0,620.0,960.0,280.0,380.0,35.0,295.0,45.0,4660.0,655.0,480.0,440.0,180.0,250.0,40.0,80.0,0.0,10.0,0.0,1435.0,1020.0,765.0,910.0,440.0,710.0,240.0,295.0,35.0,285.0,45.0,3220.0
62,"Oakland County, Michigan",County,2014-2018,17115.0,25605.0,42720.0,20170.0,19760.0,39930.0,38605.0,26315.0,64920.0,26810.0,15360.0,42170.0,252145.0,59375.0,311520.0,354845.0,146415.0,501260.0,68845.0,60315.0,129160.0,286000.0,86100.0,372100.0,,,,30680.0,33420.0,64100.0,324165.0,112995.0,437160.0,286300.0,86110.0,372410.0,38460.0,27900.0,66360.0,27940.0,29100.0,57040.0,2140.0,3310.0,5450.0,33155.0,9565.0,,30470.0,9460.0,,32490.0,32430.0,,11300.0,30870.0,,21745.0,289775.0,,129160.0,372100.0,,19135.0,6470.0,,16875.0,2885.0,,15080.0,11235.0,,3965.0,11395.0,,5260.0,54115.0,,60315.0,86100.0,,14020.0,3095.0,,13595.0,6575.0,,17410.0,21195.0,,7335.0,19475.0,,16485.0,235660.0,,32805.0,28555.0,30090.0,15720.0,31285.0,8460.0,10665.0,1945.0,18560.0,2360.0,123405.0,18875.0,16475.0,16685.0,8780.0,14345.0,2785.0,3610.0,615.0,3485.0,445.0,57000.0,13925.0,12080.0,13405.0,6940.0,16940.0,5675.0,7055.0,1330.0,15075.0,1915.0,66400.0
63,"Oceana County, Michigan",County,2014-2018,580.0,460.0,1040.0,795.0,400.0,1195.0,1475.0,415.0,1890.0,1050.0,245.0,1295.0,4370.0,365.0,4735.0,8275.0,1885.0,10155.0,1840.0,770.0,2610.0,6430.0,1115.0,7545.0,,,,975.0,540.0,1515.0,7295.0,1345.0,8640.0,6640.0,1240.0,7880.0,885.0,249.0,1134.0,695.0,345.0,1040.0,60.0,55.0,115.0,810.0,230.0,,705.0,490.0,,610.0,1280.0,,195.0,1100.0,,289.0,4445.0,,2610.0,7545.0,,355.0,105.0,,235.0,165.0,,160.0,255.0,,15.0,230.0,,4.0,360.0,,770.0,1115.0,,455.0,125.0,,470.0,325.0,,450.0,1025.0,,180.0,870.0,,285.0,4085.0,,780.0,645.0,625.0,270.0,480.0,95.0,125.0,10.0,160.0,20.0,2170.0,330.0,285.0,180.0,60.0,80.0,0.0,4.0,0.0,0.0,0.0,594.0,450.0,360.0,445.0,210.0,400.0,95.0,125.0,10.0,160.0,20.0,1580.0
64,"Ogemaw County, Michigan",County,2014-2018,645.0,370.0,1015.0,875.0,410.0,1285.0,1650.0,465.0,2115.0,960.0,175.0,1135.0,3475.0,275.0,3750.0,7605.0,1690.0,9295.0,1895.0,815.0,2710.0,5710.0,875.0,6585.0,,,,900.0,445.0,1345.0,6705.0,1245.0,7950.0,5760.0,890.0,6650.0,1040.0,369.0,1409.0,688.0,385.0,1073.0,120.0,45.0,165.0,730.0,280.0,,860.0,425.0,,675.0,1445.0,,235.0,905.0,,215.0,3535.0,,2710.0,6585.0,,270.0,100.0,,320.0,90.0,,185.0,280.0,,30.0,145.0,,15.0,260.0,,815.0,875.0,,460.0,180.0,,540.0,335.0,,490.0,1165.0,,205.0,760.0,,200.0,3275.0,,680.0,575.0,850.0,335.0,585.0,140.0,195.0,20.0,174.0,4.0,2484.0,260.0,230.0,315.0,90.0,160.0,50.0,15.0,15.0,4.0,0.0,754.0,420.0,345.0,535.0,245.0,425.0,90.0,179.0,4.0,169.0,4.0,1728.0
65,"Ontonagon County, Michigan",County,2014-2018,245.0,110.0,355.0,300.0,70.0,370.0,535.0,95.0,630.0,275.0,20.0,295.0,1175.0,45.0,1220.0,2535.0,340.0,2875.0,515.0,110.0,625.0,2020.0,230.0,2250.0,,,,280.0,65.0,345.0,2255.0,280.0,2535.0,2025.0,210.0,2235.0,240.0,44.0,284.0,204.0,65.0,269.0,55.0,20.0,75.0,210.0,140.0,,170.0,200.0,,165.0,465.0,,30.0,265.0,,50.0,1175.0,,625.0,2250.0,,45.0,60.0,,35.0,35.0,,25.0,70.0,,0.0,20.0,,0.0,45.0,,110.0,230.0,,165.0,80.0,,135.0,165.0,,140.0,395.0,,30.0,245.0,,50.0,1130.0,,205.0,170.0,165.0,75.0,140.0,20.0,25.0,0.0,19.0,4.0,554.0,49.0,45.0,35.0,20.0,25.0,0.0,0.0,0.0,0.0,0.0,109.0,155.0,125.0,130.0,55.0,115.0,20.0,25.0,0.0,19.0,4.0,444.0
66,"Osceola County, Michigan",County,2014-2018,570.0,520.0,1090.0,870.0,375.0,1245.0,1395.0,295.0,1690.0,960.0,180.0,1140.0,3635.0,300.0,3935.0,7430.0,1670.0,9100.0,1680.0,630.0,2310.0,5750.0,1035.0,6785.0,,,,760.0,380.0,1140.0,6670.0,1285.0,7955.0,5840.0,975.0,6815.0,955.0,259.0,1214.0,565.0,350.0,915.0,75.0,90.0,165.0,765.0,325.0,,625.0,620.0,,525.0,1170.0,,185.0,955.0,,214.0,3715.0,,2310.0,6785.0,,315.0,205.0,,215.0,160.0,,85.0,210.0,,10.0,170.0,,4.0,290.0,,630.0,1035.0,,450.0,120.0,,410.0,460.0,,440.0,960.0,,175.0,785.0,,210.0,3425.0,,750.0,570.0,590.0,230.0,480.0,95.0,165.0,10.0,135.0,10.0,2120.0,310.0,275.0,205.0,60.0,80.0,15.0,10.0,0.0,4.0,0.0,609.0,440.0,295.0,390.0,170.0,400.0,80.0,155.0,10.0,135.0,10.0,1520.0
67,"Oscoda County, Michigan",County,2014-2018,325.0,140.0,465.0,390.0,145.0,535.0,630.0,105.0,735.0,520.0,85.0,605.0,1360.0,130.0,1490.0,3220.0,600.0,3825.0,820.0,235.0,1055.0,2405.0,370.0,2775.0,,,,480.0,125.0,605.0,2740.0,475.0,3215.0,2475.0,370.0,2845.0,350.0,104.0,454.0,370.0,115.0,485.0,30.0,10.0,40.0,345.0,120.0,,295.0,235.0,,210.0,520.0,,120.0,485.0,,80.0,1410.0,,1055.0,2775.0,,95.0,45.0,,100.0,40.0,,20.0,85.0,,15.0,70.0,,0.0,130.0,,235.0,370.0,,250.0,75.0,,195.0,195.0,,190.0,435.0,,105.0,415.0,,80.0,1280.0,,325.0,255.0,285.0,170.0,210.0,50.0,75.0,10.0,50.0,0.0,945.0,95.0,70.0,100.0,45.0,20.0,0.0,4.0,0.0,0.0,0.0,219.0,230.0,185.0,185.0,125.0,190.0,50.0,65.0,10.0,50.0,0.0,720.0
68,"Otsego County, Michigan",County,2014-2018,365.0,330.0,695.0,600.0,485.0,1085.0,1160.0,530.0,1690.0,830.0,275.0,1105.0,4860.0,460.0,5320.0,7810.0,2075.0,9885.0,1470.0,1025.0,2495.0,6340.0,1050.0,7390.0,,,,520.0,570.0,1090.0,7290.0,1505.0,8795.0,6380.0,1150.0,7530.0,975.0,510.0,1485.0,410.0,385.0,795.0,40.0,20.0,60.0,535.0,150.0,,680.0,405.0,,695.0,995.0,,290.0,815.0,,295.0,5025.0,,2495.0,7390.0,,255.0,70.0,,345.0,140.0,,345.0,185.0,,80.0,195.0,,0.0,460.0,,1025.0,1050.0,,280.0,80.0,,335.0,265.0,,350.0,810.0,,210.0,620.0,,295.0,4565.0,,535.0,465.0,630.0,230.0,645.0,90.0,225.0,25.0,265.0,0.0,2300.0,255.0,235.0,320.0,105.0,290.0,45.0,30.0,0.0,0.0,0.0,895.0,275.0,225.0,305.0,120.0,345.0,40.0,195.0,25.0,265.0,0.0,1385.0
69,"Ottawa County, Michigan",County,2014-2018,3705.0,4510.0,8215.0,6305.0,4750.0,11055.0,13360.0,5140.0,18500.0,9815.0,2455.0,12270.0,46130.0,5055.0,51185.0,79315.0,21910.0,101225.0,12210.0,9740.0,21950.0,67100.0,12170.0,79270.0,,,,5365.0,5615.0,10980.0,73950.0,16290.0,90240.0,67955.0,12575.0,80530.0,7025.0,4320.0,11345.0,4050.0,4644.0,8694.0,285.0,360.0,645.0,6710.0,1500.0,,6535.0,4520.0,,5480.0,13020.0,,1270.0,11000.0,,1955.0,49225.0,,21950.0,79270.0,,3690.0,815.0,,3580.0,1170.0,,1845.0,3295.0,,210.0,2245.0,,415.0,4640.0,,9740.0,12170.0,,3020.0,685.0,,2955.0,3350.0,,3635.0,9725.0,,1060.0,8755.0,,1540.0,44585.0,,6625.0,5470.0,6305.0,2055.0,4965.0,965.0,965.0,85.0,1175.0,120.0,20035.0,3615.0,3165.0,3505.0,1140.0,1580.0,305.0,124.0,4.0,140.0,30.0,8964.0,3010.0,2305.0,2800.0,915.0,3385.0,660.0,840.0,80.0,1040.0,90.0,11075.0
70,"Presque Isle County, Michigan",County,2014-2018,380.0,195.0,575.0,545.0,185.0,730.0,925.0,140.0,1065.0,550.0,50.0,600.0,2750.0,85.0,2835.0,5155.0,655.0,5810.0,945.0,240.0,1185.0,4205.0,415.0,4620.0,,,,440.0,135.0,575.0,4715.0,520.0,5235.0,4190.0,410.0,4600.0,510.0,115.0,625.0,380.0,110.0,490.0,75.0,20.0,95.0,390.0,185.0,,335.0,400.0,,280.0,780.0,,45.0,555.0,,140.0,2695.0,,1185.0,4620.0,,125.0,70.0,,65.0,125.0,,55.0,85.0,,0.0,50.0,,0.0,85.0,,240.0,415.0,,265.0,115.0,,270.0,275.0,,225.0,695.0,,45.0,505.0,,140.0,2610.0,,380.0,280.0,330.0,125.0,265.0,60.0,40.0,10.0,110.0,20.0,1125.0,115.0,85.0,60.0,25.0,50.0,0.0,0.0,0.0,0.0,0.0,225.0,260.0,190.0,265.0,100.0,215.0,60.0,40.0,10.0,110.0,20.0,890.0
71,"Roscommon County, Michigan",County,2014-2018,815.0,565.0,1380.0,1135.0,425.0,1560.0,1745.0,370.0,2115.0,1230.0,155.0,1385.0,4070.0,390.0,4460.0,8990.0,1905.0,10900.0,2155.0,930.0,3085.0,6840.0,980.0,7820.0,,,,975.0,505.0,1480.0,8015.0,1400.0,9415.0,6860.0,965.0,7825.0,1190.0,425.0,1615.0,860.0,474.0,1334.0,80.0,35.0,115.0,995.0,385.0,,935.0,625.0,,685.0,1430.0,,255.0,1125.0,,210.0,4250.0,,3085.0,7820.0,,385.0,180.0,,325.0,100.0,,150.0,220.0,,55.0,100.0,,10.0,380.0,,930.0,980.0,,610.0,205.0,,610.0,525.0,,535.0,1210.0,,200.0,1025.0,,200.0,3870.0,,990.0,795.0,925.0,405.0,645.0,110.0,200.0,15.0,195.0,15.0,2955.0,380.0,330.0,325.0,140.0,129.0,4.0,55.0,0.0,10.0,0.0,899.0,605.0,465.0,600.0,265.0,510.0,100.0,150.0,15.0,185.0,15.0,2050.0
72,"Saginaw County, Michigan",County,2014-2018,3470.0,6090.0,9560.0,4575.0,3650.0,8225.0,8290.0,4790.0,13080.0,5970.0,2375.0,8345.0,33985.0,5455.0,39440.0,56290.0,22360.0,78650.0,11150.0,11110.0,22260.0,45140.0,11250.0,56390.0,,,,4770.0,6325.0,11095.0,51520.0,16035.0,67555.0,45280.0,11130.0,56410.0,6480.0,4935.0,11415.0,4115.0,5700.0,9815.0,420.0,590.0,1010.0,7380.0,2175.0,,6085.0,2140.0,,5270.0,7820.0,,1685.0,6665.0,,1840.0,37600.0,,22260.0,56390.0,,4595.0,1490.0,,3110.0,540.0,,2640.0,2155.0,,460.0,1920.0,,305.0,5150.0,,11110.0,11250.0,,2785.0,685.0,,2975.0,1600.0,,2630.0,5665.0,,1225.0,4745.0,,1535.0,32450.0,,7315.0,5950.0,6025.0,2460.0,4990.0,1015.0,1490.0,190.0,1415.0,205.0,21235.0,4555.0,3955.0,3105.0,1280.0,2465.0,295.0,330.0,90.0,180.0,80.0,10635.0,2760.0,1995.0,2920.0,1180.0,2525.0,720.0,1160.0,100.0,1230.0,120.0,10595.0
73,"St. Clair County, Michigan",County,2014-2018,3175.0,4475.0,7650.0,4520.0,3075.0,7595.0,8755.0,3230.0,11985.0,5620.0,1395.0,7015.0,27685.0,2870.0,30555.0,49760.0,15045.0,64805.0,9800.0,6830.0,16630.0,39960.0,8220.0,48180.0,,,,4105.0,3900.0,8005.0,45655.0,11145.0,56800.0,40145.0,8060.0,48205.0,5770.0,3130.0,8900.0,3600.0,3460.0,7060.0,245.0,410.0,655.0,5955.0,1690.0,,4540.0,3055.0,,3660.0,8325.0,,1050.0,5965.0,,1425.0,29135.0,,16630.0,48180.0,,3270.0,1200.0,,2230.0,845.0,,1030.0,2200.0,,210.0,1185.0,,85.0,2785.0,,6830.0,8220.0,,2685.0,490.0,,2310.0,2210.0,,2630.0,6125.0,,840.0,4780.0,,1340.0,26350.0,,5935.0,4580.0,4445.0,1775.0,3450.0,595.0,970.0,45.0,1155.0,65.0,15955.0,3255.0,2575.0,2175.0,780.0,915.0,80.0,210.0,10.0,35.0,15.0,6590.0,2685.0,2005.0,2270.0,995.0,2535.0,515.0,760.0,35.0,1120.0,50.0,9370.0
74,"St. Joseph County, Michigan",County,2014-2018,810.0,1375.0,2185.0,1420.0,1100.0,2520.0,2835.0,1330.0,4165.0,1880.0,750.0,2630.0,10870.0,1650.0,12520.0,17815.0,6205.0,24020.0,3455.0,2350.0,5805.0,14360.0,3855.0,18215.0,,,,1640.0,1385.0,3025.0,16175.0,4820.0,20995.0,14575.0,3945.0,18520.0,1905.0,1019.0,2924.0,1235.0,1129.0,2364.0,100.0,115.0,215.0,1695.0,495.0,,1560.0,965.0,,1380.0,2790.0,,410.0,2220.0,,760.0,11755.0,,5805.0,18215.0,,1035.0,345.0,,750.0,350.0,,450.0,880.0,,50.0,700.0,,60.0,1585.0,,2350.0,3855.0,,660.0,150.0,,810.0,615.0,,930.0,1910.0,,360.0,1520.0,,700.0,10170.0,,1690.0,1410.0,1425.0,570.0,1315.0,265.0,345.0,55.0,510.0,60.0,5285.0,1035.0,880.0,660.0,195.0,425.0,50.0,24.0,4.0,4.0,0.0,2148.0,660.0,535.0,765.0,375.0,885.0,215.0,320.0,50.0,510.0,60.0,3140.0
75,"Sanilac County, Michigan",County,2014-2018,1060.0,845.0,1905.0,1330.0,660.0,1990.0,2270.0,800.0,3070.0,1545.0,485.0,2030.0,7500.0,675.0,8175.0,13710.0,3470.0,17180.0,2920.0,1295.0,4215.0,10790.0,2175.0,12965.0,,,,1400.0,645.0,2045.0,12305.0,2825.0,15130.0,10855.0,2155.0,13010.0,1565.0,664.0,2229.0,1110.0,570.0,1680.0,180.0,80.0,260.0,1320.0,590.0,,1285.0,705.0,,905.0,2165.0,,325.0,1705.0,,375.0,7805.0,,4215.0,12965.0,,570.0,280.0,,510.0,150.0,,170.0,630.0,,30.0,455.0,,15.0,665.0,,1295.0,2175.0,,750.0,310.0,,775.0,555.0,,735.0,1535.0,,295.0,1250.0,,360.0,7140.0,,1280.0,1000.0,1250.0,465.0,860.0,140.0,260.0,40.0,255.0,35.0,3905.0,565.0,445.0,495.0,125.0,160.0,0.0,10.0,0.0,4.0,0.0,1234.0,715.0,555.0,755.0,340.0,700.0,140.0,250.0,40.0,255.0,35.0,2675.0
76,"Schoolcraft County, Michigan",County,2014-2018,230.0,200.0,430.0,335.0,165.0,500.0,470.0,105.0,575.0,295.0,65.0,360.0,1430.0,55.0,1485.0,2760.0,590.0,3350.0,610.0,295.0,905.0,2150.0,295.0,2445.0,,,,250.0,125.0,375.0,2510.0,465.0,2975.0,2110.0,290.0,2400.0,370.0,170.0,540.0,215.0,115.0,330.0,65.0,10.0,75.0,280.0,150.0,,325.0,175.0,,155.0,420.0,,64.0,305.0,,85.0,1400.0,,905.0,2445.0,,130.0,70.0,,130.0,35.0,,35.0,70.0,,4.0,65.0,,0.0,55.0,,295.0,295.0,,150.0,80.0,,195.0,140.0,,120.0,350.0,,60.0,240.0,,85.0,1345.0,,275.0,210.0,325.0,75.0,150.0,25.0,55.0,10.0,70.0,10.0,875.0,125.0,95.0,125.0,20.0,35.0,0.0,0.0,0.0,0.0,0.0,285.0,150.0,115.0,195.0,55.0,115.0,25.0,55.0,10.0,70.0,10.0,585.0
77,"Shiawassee County, Michigan",County,2014-2018,885.0,1180.0,2065.0,1360.0,1460.0,2820.0,2850.0,1710.0,4560.0,2590.0,680.0,3270.0,13210.0,1815.0,15025.0,20900.0,6840.0,27740.0,3355.0,2840.0,6195.0,17545.0,4000.0,21545.0,,,,1290.0,1360.0,2650.0,19610.0,5485.0,25095.0,17555.0,4040.0,21595.0,2120.0,1494.0,3614.0,1110.0,1180.0,2290.0,110.0,120.0,230.0,1620.0,445.0,,1900.0,920.0,,1525.0,3035.0,,560.0,2710.0,,595.0,14430.0,,6195.0,21545.0,,915.0,265.0,,1130.0,330.0,,635.0,1075.0,,100.0,580.0,,65.0,1745.0,,2840.0,4000.0,,705.0,180.0,,770.0,590.0,,890.0,1960.0,,460.0,2130.0,,530.0,12685.0,,1595.0,1295.0,1880.0,595.0,1500.0,325.0,475.0,40.0,455.0,35.0,5905.0,890.0,710.0,1110.0,350.0,625.0,120.0,45.0,0.0,4.0,0.0,2674.0,705.0,590.0,770.0,245.0,875.0,200.0,430.0,40.0,450.0,35.0,3230.0
78,"Tuscola County, Michigan",County,2014-2018,1325.0,940.0,2265.0,1450.0,715.0,2165.0,2965.0,970.0,3935.0,1950.0,395.0,2345.0,10175.0,875.0,11050.0,17870.0,3890.0,21760.0,3945.0,1670.0,5615.0,13920.0,2220.0,16140.0,,,,1815.0,1015.0,2830.0,16055.0,2875.0,18930.0,13975.0,2255.0,16230.0,2155.0,690.0,2845.0,1535.0,864.0,2399.0,210.0,90.0,300.0,1725.0,540.0,,1510.0,650.0,,1340.0,2595.0,,410.0,1940.0,,635.0,10420.0,,5615.0,16140.0,,750.0,190.0,,560.0,150.0,,285.0,685.0,,20.0,375.0,,55.0,825.0,,1670.0,2220.0,,975.0,350.0,,950.0,500.0,,1055.0,1910.0,,390.0,1565.0,,580.0,9595.0,,1700.0,1400.0,1480.0,640.0,1215.0,265.0,340.0,25.0,495.0,65.0,5230.0,740.0,645.0,545.0,195.0,240.0,20.0,15.0,0.0,14.0,4.0,1554.0,965.0,760.0,935.0,445.0,980.0,245.0,325.0,25.0,485.0,60.0,3690.0
79,"Van Buren County, Michigan",County,2014-2018,1460.0,1560.0,3020.0,1930.0,1450.0,3380.0,3525.0,1545.0,5070.0,2895.0,665.0,3560.0,12610.0,1380.0,13990.0,22415.0,6600.0,29015.0,4525.0,2855.0,7380.0,17890.0,3740.0,21630.0,,,,2150.0,1390.0,3540.0,20265.0,5205.0,25470.0,18150.0,3745.0,21895.0,2485.0,1555.0,4040.0,1625.0,1149.0,2774.0,165.0,150.0,315.0,2195.0,825.0,,2010.0,1370.0,,1885.0,3185.0,,645.0,2915.0,,650.0,13335.0,,7380.0,21630.0,,1125.0,435.0,,995.0,455.0,,635.0,910.0,,60.0,605.0,,45.0,1330.0,,2855.0,3740.0,,1070.0,390.0,,1015.0,915.0,,1250.0,2275.0,,585.0,2310.0,,605.0,12005.0,,2170.0,1620.0,1955.0,665.0,1700.0,385.0,520.0,55.0,460.0,50.0,6805.0,1115.0,815.0,985.0,280.0,580.0,50.0,14.0,4.0,10.0,0.0,2704.0,1055.0,805.0,975.0,385.0,1120.0,335.0,505.0,50.0,455.0,50.0,4110.0
80,"Washtenaw County, Michigan",County,2014-2018,5040.0,15310.0,20350.0,6170.0,8955.0,15125.0,11255.0,11215.0,22470.0,7620.0,5515.0,13135.0,55040.0,14095.0,69135.0,85120.0,55090.0,140210.0,16640.0,26155.0,42795.0,68480.0,28930.0,97410.0,,,,7060.0,16025.0,23085.0,78065.0,39065.0,117130.0,68750.0,28560.0,97310.0,9710.0,10540.0,20250.0,6475.0,14325.0,20800.0,195.0,1660.0,1855.0,16750.0,3605.0,,10800.0,4325.0,,8850.0,13620.0,,2880.0,10250.0,,3515.0,65615.0,,42795.0,97410.0,,12455.0,2855.0,,7095.0,1865.0,,4640.0,6575.0,,1005.0,4505.0,,960.0,13135.0,,26155.0,28930.0,,4295.0,750.0,,3705.0,2460.0,,4210.0,7045.0,,1875.0,5745.0,,2555.0,52480.0,,16510.0,14010.0,10535.0,4510.0,8405.0,1785.0,2660.0,265.0,2935.0,220.0,41045.0,12240.0,10655.0,6930.0,2820.0,4270.0,755.0,850.0,60.0,575.0,35.0,24865.0,4270.0,3355.0,3610.0,1695.0,4140.0,1035.0,1805.0,205.0,2360.0,185.0,16185.0
81,"Wayne County, Michigan",County,2014-2018,46090.0,89490.0,135580.0,44025.0,46220.0,90245.0,69555.0,49095.0,118650.0,43805.0,20760.0,64565.0,216090.0,51460.0,267550.0,419565.0,257020.0,676585.0,98185.0,130875.0,229060.0,321380.0,126145.0,447525.0,,,,49015.0,80140.0,129155.0,370550.0,176880.0,547430.0,321900.0,120660.0,442560.0,50370.0,53505.0,103875.0,40955.0,70705.0,111660.0,6335.0,12150.0,18485.0,101385.0,34195.0,,59960.0,30290.0,,43670.0,74980.0,,10835.0,53730.0,,13215.0,254335.0,,229060.0,447525.0,,66050.0,23440.0,,36570.0,9650.0,,22060.0,27035.0,,3280.0,17480.0,,2915.0,48545.0,,130875.0,126145.0,,35335.0,10755.0,,23390.0,20640.0,,21610.0,47945.0,,7555.0,36250.0,,10300.0,205790.0,,98595.0,80105.0,58000.0,22960.0,39900.0,6795.0,9315.0,925.0,9725.0,880.0,215535.0,64185.0,54695.0,35725.0,13330.0,20285.0,2240.0,2580.0,320.0,1435.0,120.0,124210.0,34410.0,25410.0,22275.0,9630.0,19615.0,4550.0,6735.0,605.0,8290.0,760.0,91325.0
82,"Wexford County, Michigan",County,2014-2018,655.0,820.0,1475.0,880.0,690.0,1570.0,1890.0,670.0,2560.0,1185.0,290.0,1475.0,5355.0,620.0,5975.0,9970.0,3085.0,13055.0,1990.0,1390.0,3380.0,7980.0,1695.0,9675.0,,,,860.0,800.0,1660.0,9105.0,2285.0,11390.0,7990.0,1720.0,9710.0,1140.0,610.0,1750.0,715.0,690.0,1405.0,120.0,65.0,185.0,1120.0,355.0,,865.0,705.0,,835.0,1725.0,,265.0,1210.0,,295.0,5680.0,,3380.0,9675.0,,650.0,170.0,,405.0,285.0,,280.0,390.0,,50.0,240.0,,10.0,610.0,,1390.0,1695.0,,470.0,185.0,,460.0,420.0,,555.0,1335.0,,215.0,970.0,,285.0,5070.0,,1110.0,860.0,845.0,390.0,760.0,115.0,215.0,20.0,225.0,20.0,3155.0,640.0,505.0,390.0,175.0,240.0,10.0,30.0,0.0,0.0,0.0,1300.0,465.0,355.0,455.0,215.0,525.0,105.0,185.0,20.0,225.0,20.0,1855.0
